<Anims>
 <anim name="close" root="status_meter" numframes="200" framerate="40">
  <frame idx="0" w="56" h="71" x="-6.162477" y="-7.662462">
   <element name="icon" layername="icon" frame="0" z_index="0" m_a="0.499985" m_b="0.000000" m_c="0.000000" m_d="0.499985" m_tx="0.000000" m_ty="0.000000"/>
  </frame>
  <frame idx="25" w="56" h="69" x="-6.123286" y="-7.593370">
   <element name="icon" layername="icon" frame="0" z_index="0" m_a="0.498942" m_b="0.000000" m_c="0.000000" m_d="0.479206" m_tx="0.036765" m_ty="0.000000"/>
  </frame>
  <frame idx="50" w="56" h="62" x="-6.104413" y="-6.931873">
   <element name="icon" layername="icon" frame="0" z_index="0" m_a="0.496517" m_b="0.000000" m_c="0.000000" m_d="0.430636" m_tx="0.050000" m_ty="0.000000"/>
  </frame>
  <frame idx="75" w="56" h="50" x="-6.095385" y="-5.672854">
   <element name="icon" layername="icon" frame="0" z_index="0" m_a="0.492634" m_b="0.000000" m_c="0.000000" m_d="0.352736" m_tx="0.050000" m_ty="0.000000"/>
  </frame>
  <frame idx="100" w="55" h="35" x="-6.082995" y="-3.817051">
   <element name="icon" layername="icon" frame="0" z_index="0" m_a="0.487305" m_b="0.000000" m_c="0.000000" m_d="0.245728" m_tx="0.050000" m_ty="0.000000"/>
  </frame>
  <frame idx="125" w="55" h="14" x="-6.102961" y="-1.833605">
   <element name="icon" layername="icon" frame="0" z_index="0" m_a="0.480079" m_b="0.000000" m_c="0.000000" m_d="0.100332" m_tx="0.013235" m_ty="0.000000"/>
  </frame>
  <frame idx="150" w="55" h="22" x="-6.122833" y="-2.523903">
   <element name="icon" layername="icon" frame="0" z_index="0" m_a="0.482934" m_b="0.000000" m_c="0.000000" m_d="0.157564" m_tx="0.000000" m_ty="0.000000"/>
  </frame>
  <frame idx="175" w="56" h="47" x="-6.142655" y="-5.093183">
   <element name="icon" layername="icon" frame="0" z_index="0" m_a="0.491460" m_b="0.000000" m_c="0.000000" m_d="0.328774" m_tx="0.000000" m_ty="0.000000"/>
  </frame>
 </anim>
 <anim name="frame" root="status_meter" numframes="750" framerate="40">
  <frame idx="0" w="56" h="71" x="-6.162477" y="-7.662462">
   <element name="icon" layername="icon" frame="0" z_index="1" m_a="0.499985" m_b="0.000000" m_c="0.000000" m_d="0.499985" m_tx="0.000000" m_ty="0.000000"/>
  </frame>
  <frame idx="25" w="56" h="71" x="-6.162477" y="-7.662462">
   <element name="icon" layername="icon" frame="0" z_index="1" m_a="0.499985" m_b="0.000000" m_c="0.000000" m_d="0.499985" m_tx="0.000000" m_ty="0.000000"/>
  </frame>
  <frame idx="50" w="56" h="71" x="-6.162477" y="-7.662462">
   <element name="icon" layername="icon" frame="0" z_index="1" m_a="0.499985" m_b="0.000000" m_c="0.000000" m_d="0.499985" m_tx="0.000000" m_ty="0.000000"/>
  </frame>
  <frame idx="75" w="56" h="71" x="-6.162477" y="-7.662462">
   <element name="icon" layername="icon" frame="0" z_index="1" m_a="0.499985" m_b="0.000000" m_c="0.000000" m_d="0.499985" m_tx="0.000000" m_ty="0.000000"/>
  </frame>
  <frame idx="100" w="56" h="71" x="-6.162477" y="-7.662462">
   <element name="icon" layername="icon" frame="0" z_index="1" m_a="0.499985" m_b="0.000000" m_c="0.000000" m_d="0.499985" m_tx="0.000000" m_ty="0.000000"/>
  </frame>
  <frame idx="125" w="56" h="71" x="-6.162477" y="-7.662462">
   <element name="icon" layername="icon" frame="0" z_index="1" m_a="0.499985" m_b="0.000000" m_c="0.000000" m_d="0.499985" m_tx="0.000000" m_ty="0.000000"/>
  </frame>
  <frame idx="150" w="56" h="71" x="-6.162477" y="-7.662462">
   <element name="icon" layername="icon" frame="0" z_index="1" m_a="0.499985" m_b="0.000000" m_c="0.000000" m_d="0.499985" m_tx="0.000000" m_ty="0.000000"/>
  </frame>
  <frame idx="175" w="56" h="71" x="-5.994440" y="-7.720038">
   <element name="icon" layername="icon" frame="0" z_index="1" m_a="0.499985" m_b="0.000000" m_c="0.000000" m_d="0.499985" m_tx="0.168037" m_ty="-0.057576"/>
  </frame>
  <frame idx="200" w="53" h="71" x="-5.611936" y="-7.662462">
   <element name="icon" layername="icon" frame="1" z_index="1" m_a="0.499985" m_b="0.000000" m_c="0.000000" m_d="0.499985" m_tx="0.663016" m_ty="-0.237502"/>
  </frame>
  <frame idx="225" w="53" h="71" x="-5.611936" y="-7.662462">
   <element name="icon" layername="icon" frame="1" z_index="1" m_a="0.499985" m_b="0.000000" m_c="0.000000" m_d="0.499985" m_tx="0.663016" m_ty="-0.237502"/>
  </frame>
  <frame idx="250" w="53" h="71" x="-5.611936" y="-7.662462">
   <element name="icon" layername="icon" frame="1" z_index="1" m_a="0.499985" m_b="0.000000" m_c="0.000000" m_d="0.499985" m_tx="0.663016" m_ty="-0.237502"/>
  </frame>
  <frame idx="275" w="53" h="71" x="-5.611936" y="-7.662462">
   <element name="icon" layername="icon" frame="1" z_index="1" m_a="0.499985" m_b="0.000000" m_c="0.000000" m_d="0.499985" m_tx="0.663016" m_ty="-0.237502"/>
  </frame>
  <frame idx="300" w="53" h="71" x="-5.611936" y="-7.662462">
   <element name="icon" layername="icon" frame="1" z_index="1" m_a="0.499985" m_b="0.000000" m_c="0.000000" m_d="0.499985" m_tx="0.663016" m_ty="-0.237502"/>
  </frame>
  <frame idx="325" w="53" h="71" x="-5.611936" y="-7.662462">
   <element name="icon" layername="icon" frame="1" z_index="1" m_a="0.499985" m_b="0.000000" m_c="0.000000" m_d="0.499985" m_tx="0.663016" m_ty="-0.237502"/>
  </frame>
  <frame idx="350" w="53" h="71" x="-5.611936" y="-7.662462">
   <element name="icon" layername="icon" frame="1" z_index="1" m_a="0.499985" m_b="0.000000" m_c="0.000000" m_d="0.499985" m_tx="0.663016" m_ty="-0.237502"/>
  </frame>
  <frame idx="375" w="53" h="71" x="-5.611936" y="-7.662462">
   <element name="icon" layername="icon" frame="1" z_index="1" m_a="0.499985" m_b="0.000000" m_c="0.000000" m_d="0.499985" m_tx="0.663016" m_ty="-0.237502"/>
  </frame>
  <frame idx="400" w="53" h="71" x="-5.611936" y="-7.662462">
   <element name="icon" layername="icon" frame="1" z_index="1" m_a="0.499985" m_b="0.000000" m_c="0.000000" m_d="0.499985" m_tx="0.663016" m_ty="-0.237502"/>
  </frame>
  <frame idx="425" w="53" h="72" x="-4.856550" y="-7.586980">
   <element name="icon" layername="icon" frame="1" z_index="1" m_a="0.499985" m_b="0.000000" m_c="0.000000" m_d="0.499985" m_tx="1.418402" m_ty="-0.162020"/>
  </frame>
  <frame idx="450" w="51" h="69" x="-5.561393" y="-7.605135">
   <element name="icon" layername="icon" frame="2" z_index="1" m_a="0.499985" m_b="0.000000" m_c="0.000000" m_d="0.499985" m_tx="1.613507" m_ty="-0.130196"/>
  </frame>
  <frame idx="475" w="51" h="69" x="-5.561393" y="-7.605135">
   <element name="icon" layername="icon" frame="2" z_index="1" m_a="0.499985" m_b="0.000000" m_c="0.000000" m_d="0.499985" m_tx="1.613507" m_ty="-0.130196"/>
  </frame>
  <frame idx="500" w="51" h="69" x="-5.561393" y="-7.605135">
   <element name="icon" layername="icon" frame="2" z_index="1" m_a="0.499985" m_b="0.000000" m_c="0.000000" m_d="0.499985" m_tx="1.613507" m_ty="-0.130196"/>
  </frame>
  <frame idx="525" w="51" h="69" x="-5.561393" y="-7.605135">
   <element name="icon" layername="icon" frame="2" z_index="1" m_a="0.499985" m_b="0.000000" m_c="0.000000" m_d="0.499985" m_tx="1.613507" m_ty="-0.130196"/>
  </frame>
  <frame idx="550" w="51" h="69" x="-5.561393" y="-7.605135">
   <element name="icon" layername="icon" frame="2" z_index="1" m_a="0.499985" m_b="0.000000" m_c="0.000000" m_d="0.499985" m_tx="1.613507" m_ty="-0.130196"/>
  </frame>
  <frame idx="575" w="51" h="69" x="-5.561393" y="-7.605135">
   <element name="icon" layername="icon" frame="2" z_index="1" m_a="0.499985" m_b="0.000000" m_c="0.000000" m_d="0.499985" m_tx="1.613507" m_ty="-0.130196"/>
  </frame>
  <frame idx="600" w="51" h="69" x="-5.561393" y="-7.605135">
   <element name="icon" layername="icon" frame="2" z_index="1" m_a="0.499985" m_b="0.000000" m_c="0.000000" m_d="0.499985" m_tx="1.613507" m_ty="-0.130196"/>
  </frame>
  <frame idx="625" w="51" h="70" x="-4.204185" y="-7.485644">
   <element name="icon" layername="icon" frame="2" z_index="1" m_a="0.499985" m_b="0.000000" m_c="0.000000" m_d="0.499985" m_tx="2.970716" m_ty="-0.010705"/>
  </frame>
  <frame idx="650" w="44" h="69" x="-4.909764" y="-7.605135">
   <element name="icon" layername="icon" frame="3" z_index="1" m_a="0.499985" m_b="0.000000" m_c="0.000000" m_d="0.499985" m_tx="2.965123" m_ty="0.032311"/>
  </frame>
  <frame idx="675" w="44" h="69" x="-4.909764" y="-7.605135">
   <element name="icon" layername="icon" frame="3" z_index="1" m_a="0.499985" m_b="0.000000" m_c="0.000000" m_d="0.499985" m_tx="2.965123" m_ty="0.032311"/>
  </frame>
  <frame idx="700" w="44" h="69" x="-4.909764" y="-7.605135">
   <element name="icon" layername="icon" frame="3" z_index="1" m_a="0.499985" m_b="0.000000" m_c="0.000000" m_d="0.499985" m_tx="2.965123" m_ty="0.032311"/>
  </frame>
  <frame idx="725" w="44" h="69" x="-4.909764" y="-7.605135">
   <element name="icon" layername="icon" frame="3" z_index="1" m_a="0.499985" m_b="0.000000" m_c="0.000000" m_d="0.499985" m_tx="2.965123" m_ty="0.032311"/>
  </frame>
 </anim>
 <anim name="open" root="status_meter" numframes="200" framerate="40">
  <frame idx="0" w="53" h="6" x="-5.610147" y="-0.659564">
   <element name="icon" layername="icon" frame="0" z_index="0" m_a="0.477478" m_b="0.000000" m_c="0.000000" m_d="0.047989" m_tx="0.000000" m_ty="0.000000"/>
  </frame>
  <frame idx="25" w="55" h="18" x="-6.092373" y="-1.875713">
   <element name="icon" layername="icon" frame="0" z_index="0" m_a="0.485646" m_b="0.000000" m_c="0.000000" m_d="0.135110" m_tx="0.036765" m_ty="0.073529"/>
  </frame>
  <frame idx="50" w="57" h="48" x="-6.147853" y="-5.075125">
   <element name="icon" layername="icon" frame="0" z_index="0" m_a="0.504774" m_b="0.000000" m_c="0.000000" m_d="0.338837" m_tx="0.025758" m_ty="0.051515"/>
  </frame>
  <frame idx="75" w="58" h="74" x="-6.206702" y="-8.225708">
   <element name="icon" layername="icon" frame="0" z_index="0" m_a="0.519006" m_b="0.000000" m_c="0.000000" m_d="0.519006" m_tx="0.000000" m_ty="0.000000"/>
  </frame>
  <frame idx="100" w="57" h="72" x="-6.185146" y="-7.694881">
   <element name="icon" layername="icon" frame="0" z_index="0" m_a="0.509735" m_b="0.000000" m_c="0.000000" m_d="0.509735" m_tx="0.000000" m_ty="0.000000"/>
  </frame>
  <frame idx="125" w="57" h="72" x="-6.172625" y="-7.676975">
   <element name="icon" layername="icon" frame="0" z_index="0" m_a="0.504350" m_b="0.000000" m_c="0.000000" m_d="0.504350" m_tx="0.000000" m_ty="0.000000"/>
  </frame>
  <frame idx="150" w="57" h="71" x="-6.165383" y="-7.666617">
   <element name="icon" layername="icon" frame="0" z_index="0" m_a="0.501235" m_b="0.000000" m_c="0.000000" m_d="0.501235" m_tx="0.000000" m_ty="0.000000"/>
  </frame>
  <frame idx="175" w="56" h="71" x="-6.162477" y="-7.662462">
   <element name="icon" layername="icon" frame="0" z_index="0" m_a="0.499985" m_b="0.000000" m_c="0.000000" m_d="0.499985" m_tx="0.000000" m_ty="0.000000"/>
  </frame>
 </anim>
</Anims>
