<Anims>
 <anim name="idle" root="mutantbeecocoon" numframes="1500" framerate="40">
  <frame idx="0" w="300" h="531" x="-27.000000" y="-137.750000">
   <element name="item" layername="item" frame="0" z_index="6" m_a="1.000000" m_b="0.000000" m_c="0.000000" m_d="1.000000" m_tx="-2.000000" m_ty="-32.000000"/>
  </frame>
  <frame idx="25" w="300" h="531" x="-27.000000" y="-137.750000">
   <element name="item" layername="item" frame="0" z_index="6" m_a="1.000000" m_b="0.000000" m_c="0.000000" m_d="1.000000" m_tx="-2.000000" m_ty="-32.000000"/>
  </frame>
  <frame idx="50" w="300" h="531" x="-27.000000" y="-137.750000">
   <element name="item" layername="item" frame="0" z_index="6" m_a="1.000000" m_b="0.000000" m_c="0.000000" m_d="1.000000" m_tx="-2.000000" m_ty="-32.000000"/>
  </frame>
  <frame idx="75" w="300" h="531" x="-27.000000" y="-137.750000">
   <element name="item" layername="item" frame="0" z_index="6" m_a="1.000000" m_b="0.000000" m_c="0.000000" m_d="1.000000" m_tx="-2.000000" m_ty="-32.000000"/>
  </frame>
  <frame idx="100" w="300" h="531" x="-27.000000" y="-137.750000">
   <element name="item" layername="item" frame="0" z_index="6" m_a="1.000000" m_b="0.000000" m_c="0.000000" m_d="1.000000" m_tx="-2.000000" m_ty="-32.000000"/>
  </frame>
  <frame idx="125" w="300" h="531" x="-27.000000" y="-137.750000">
   <element name="item" layername="item" frame="0" z_index="6" m_a="1.000000" m_b="0.000000" m_c="0.000000" m_d="1.000000" m_tx="-2.000000" m_ty="-32.000000"/>
  </frame>
  <frame idx="150" w="300" h="531" x="-27.000000" y="-137.750000">
   <element name="item" layername="item" frame="0" z_index="6" m_a="1.000000" m_b="0.000000" m_c="0.000000" m_d="1.000000" m_tx="-2.000000" m_ty="-32.000000"/>
  </frame>
  <frame idx="175" w="300" h="531" x="-27.000000" y="-137.750000">
   <element name="item" layername="item" frame="0" z_index="6" m_a="1.000000" m_b="0.000000" m_c="0.000000" m_d="1.000000" m_tx="-2.000000" m_ty="-32.000000"/>
  </frame>
  <frame idx="200" w="300" h="531" x="-27.000000" y="-137.750000">
   <element name="item" layername="item" frame="0" z_index="6" m_a="1.000000" m_b="0.000000" m_c="0.000000" m_d="1.000000" m_tx="-2.000000" m_ty="-32.000000"/>
  </frame>
  <frame idx="225" w="300" h="531" x="-27.000000" y="-137.750000">
   <element name="item" layername="item" frame="0" z_index="6" m_a="1.000000" m_b="0.000000" m_c="0.000000" m_d="1.000000" m_tx="-2.000000" m_ty="-32.000000"/>
  </frame>
  <frame idx="250" w="300" h="531" x="-27.000000" y="-137.750000">
   <element name="item" layername="item" frame="0" z_index="6" m_a="1.000000" m_b="0.000000" m_c="0.000000" m_d="1.000000" m_tx="-2.000000" m_ty="-32.000000"/>
  </frame>
  <frame idx="275" w="300" h="531" x="-27.000000" y="-137.750000">
   <element name="item" layername="item" frame="0" z_index="6" m_a="1.000000" m_b="0.000000" m_c="0.000000" m_d="1.000000" m_tx="-2.000000" m_ty="-32.000000"/>
  </frame>
  <frame idx="300" w="300" h="531" x="-27.000000" y="-137.750000">
   <element name="item" layername="item" frame="0" z_index="6" m_a="1.000000" m_b="0.000000" m_c="0.000000" m_d="1.000000" m_tx="-2.000000" m_ty="-32.000000"/>
  </frame>
  <frame idx="325" w="300" h="531" x="-27.000000" y="-137.750000">
   <element name="item" layername="item" frame="0" z_index="6" m_a="1.000000" m_b="0.000000" m_c="0.000000" m_d="1.000000" m_tx="-2.000000" m_ty="-32.000000"/>
  </frame>
  <frame idx="350" w="300" h="531" x="-27.000000" y="-137.750000">
   <element name="item" layername="item" frame="0" z_index="6" m_a="1.000000" m_b="0.000000" m_c="0.000000" m_d="1.000000" m_tx="-2.000000" m_ty="-32.000000"/>
  </frame>
  <frame idx="375" w="300" h="531" x="-27.000000" y="-137.750000">
   <element name="item" layername="item" frame="0" z_index="6" m_a="1.000000" m_b="0.000000" m_c="0.000000" m_d="1.000000" m_tx="-2.000000" m_ty="-32.000000"/>
  </frame>
  <frame idx="400" w="300" h="531" x="-27.000000" y="-137.750000">
   <element name="item" layername="item" frame="0" z_index="6" m_a="1.000000" m_b="0.000000" m_c="0.000000" m_d="1.000000" m_tx="-2.000000" m_ty="-32.000000"/>
  </frame>
  <frame idx="425" w="300" h="531" x="-27.000000" y="-137.750000">
   <element name="item" layername="item" frame="0" z_index="6" m_a="1.000000" m_b="0.000000" m_c="0.000000" m_d="1.000000" m_tx="-2.000000" m_ty="-32.000000"/>
  </frame>
  <frame idx="450" w="300" h="531" x="-27.000000" y="-137.750000">
   <element name="item" layername="item" frame="0" z_index="6" m_a="1.000000" m_b="0.000000" m_c="0.000000" m_d="1.000000" m_tx="-2.000000" m_ty="-32.000000"/>
  </frame>
  <frame idx="475" w="300" h="531" x="-27.000000" y="-137.750000">
   <element name="item" layername="item" frame="0" z_index="6" m_a="1.000000" m_b="0.000000" m_c="0.000000" m_d="1.000000" m_tx="-2.000000" m_ty="-32.000000"/>
  </frame>
  <frame idx="500" w="300" h="531" x="-27.000000" y="-137.750000">
   <element name="item" layername="item" frame="0" z_index="6" m_a="1.000000" m_b="0.000000" m_c="0.000000" m_d="1.000000" m_tx="-2.000000" m_ty="-32.000000"/>
  </frame>
  <frame idx="525" w="300" h="531" x="-27.000000" y="-137.750000">
   <element name="item" layername="item" frame="0" z_index="6" m_a="1.000000" m_b="0.000000" m_c="0.000000" m_d="1.000000" m_tx="-2.000000" m_ty="-32.000000"/>
  </frame>
  <frame idx="550" w="300" h="531" x="-27.000000" y="-137.750000">
   <element name="item" layername="item" frame="0" z_index="6" m_a="1.000000" m_b="0.000000" m_c="0.000000" m_d="1.000000" m_tx="-2.000000" m_ty="-32.000000"/>
  </frame>
  <frame idx="575" w="300" h="531" x="-27.000000" y="-137.750000">
   <element name="item" layername="item" frame="0" z_index="6" m_a="1.000000" m_b="0.000000" m_c="0.000000" m_d="1.000000" m_tx="-2.000000" m_ty="-32.000000"/>
  </frame>
  <frame idx="600" w="300" h="531" x="-27.000000" y="-137.750000">
   <element name="item" layername="item" frame="0" z_index="6" m_a="1.000000" m_b="0.000000" m_c="0.000000" m_d="1.000000" m_tx="-2.000000" m_ty="-32.000000"/>
  </frame>
  <frame idx="625" w="300" h="531" x="-27.000000" y="-137.750000">
   <element name="item" layername="item" frame="0" z_index="6" m_a="1.000000" m_b="0.000000" m_c="0.000000" m_d="1.000000" m_tx="-2.000000" m_ty="-32.000000"/>
  </frame>
  <frame idx="650" w="300" h="531" x="-27.000000" y="-137.750000">
   <element name="item" layername="item" frame="0" z_index="6" m_a="1.000000" m_b="0.000000" m_c="0.000000" m_d="1.000000" m_tx="-2.000000" m_ty="-32.000000"/>
  </frame>
  <frame idx="675" w="300" h="531" x="-27.000000" y="-137.750000">
   <element name="item" layername="item" frame="0" z_index="6" m_a="1.000000" m_b="0.000000" m_c="0.000000" m_d="1.000000" m_tx="-2.000000" m_ty="-32.000000"/>
  </frame>
  <frame idx="700" w="300" h="531" x="-27.000000" y="-137.750000">
   <element name="item" layername="item" frame="0" z_index="6" m_a="1.000000" m_b="0.000000" m_c="0.000000" m_d="1.000000" m_tx="-2.000000" m_ty="-32.000000"/>
  </frame>
  <frame idx="725" w="300" h="531" x="-27.000000" y="-137.750000">
   <element name="item" layername="item" frame="0" z_index="6" m_a="1.000000" m_b="0.000000" m_c="0.000000" m_d="1.000000" m_tx="-2.000000" m_ty="-32.000000"/>
  </frame>
  <frame idx="750" w="300" h="531" x="-27.000000" y="-137.750000">
   <element name="item" layername="item" frame="0" z_index="6" m_a="1.000000" m_b="0.000000" m_c="0.000000" m_d="1.000000" m_tx="-2.000000" m_ty="-32.000000"/>
  </frame>
  <frame idx="775" w="300" h="531" x="-27.000000" y="-137.750000">
   <element name="item" layername="item" frame="0" z_index="6" m_a="1.000000" m_b="0.000000" m_c="0.000000" m_d="1.000000" m_tx="-2.000000" m_ty="-32.000000"/>
  </frame>
  <frame idx="800" w="300" h="531" x="-27.000000" y="-137.750000">
   <element name="item" layername="item" frame="0" z_index="6" m_a="1.000000" m_b="0.000000" m_c="0.000000" m_d="1.000000" m_tx="-2.000000" m_ty="-32.000000"/>
  </frame>
  <frame idx="825" w="300" h="531" x="-27.000000" y="-137.750000">
   <element name="item" layername="item" frame="0" z_index="6" m_a="1.000000" m_b="0.000000" m_c="0.000000" m_d="1.000000" m_tx="-2.000000" m_ty="-32.000000"/>
  </frame>
  <frame idx="850" w="300" h="531" x="-27.000000" y="-137.750000">
   <element name="item" layername="item" frame="0" z_index="6" m_a="1.000000" m_b="0.000000" m_c="0.000000" m_d="1.000000" m_tx="-2.000000" m_ty="-32.000000"/>
  </frame>
  <frame idx="875" w="300" h="531" x="-27.000000" y="-137.750000">
   <element name="item" layername="item" frame="0" z_index="6" m_a="1.000000" m_b="0.000000" m_c="0.000000" m_d="1.000000" m_tx="-2.000000" m_ty="-32.000000"/>
  </frame>
  <frame idx="900" w="300" h="531" x="-27.000000" y="-137.750000">
   <element name="item" layername="item" frame="0" z_index="6" m_a="1.000000" m_b="0.000000" m_c="0.000000" m_d="1.000000" m_tx="-2.000000" m_ty="-32.000000"/>
  </frame>
  <frame idx="925" w="300" h="531" x="-27.000000" y="-137.750000">
   <element name="item" layername="item" frame="0" z_index="6" m_a="1.000000" m_b="0.000000" m_c="0.000000" m_d="1.000000" m_tx="-2.000000" m_ty="-32.000000"/>
  </frame>
  <frame idx="950" w="300" h="531" x="-27.000000" y="-137.750000">
   <element name="item" layername="item" frame="0" z_index="6" m_a="1.000000" m_b="0.000000" m_c="0.000000" m_d="1.000000" m_tx="-2.000000" m_ty="-32.000000"/>
  </frame>
  <frame idx="975" w="300" h="531" x="-27.000000" y="-137.750000">
   <element name="item" layername="item" frame="0" z_index="6" m_a="1.000000" m_b="0.000000" m_c="0.000000" m_d="1.000000" m_tx="-2.000000" m_ty="-32.000000"/>
  </frame>
  <frame idx="1000" w="300" h="531" x="-27.000000" y="-137.750000">
   <element name="item" layername="item" frame="0" z_index="6" m_a="1.000000" m_b="0.000000" m_c="0.000000" m_d="1.000000" m_tx="-2.000000" m_ty="-32.000000"/>
  </frame>
  <frame idx="1025" w="300" h="531" x="-27.000000" y="-137.750000">
   <element name="item" layername="item" frame="0" z_index="6" m_a="1.000000" m_b="0.000000" m_c="0.000000" m_d="1.000000" m_tx="-2.000000" m_ty="-32.000000"/>
  </frame>
  <frame idx="1050" w="300" h="531" x="-27.000000" y="-137.750000">
   <element name="item" layername="item" frame="0" z_index="6" m_a="1.000000" m_b="0.000000" m_c="0.000000" m_d="1.000000" m_tx="-2.000000" m_ty="-32.000000"/>
  </frame>
  <frame idx="1075" w="300" h="531" x="-27.000000" y="-137.750000">
   <element name="item" layername="item" frame="0" z_index="6" m_a="1.000000" m_b="0.000000" m_c="0.000000" m_d="1.000000" m_tx="-2.000000" m_ty="-32.000000"/>
  </frame>
  <frame idx="1100" w="300" h="531" x="-27.000000" y="-137.750000">
   <element name="item" layername="item" frame="0" z_index="6" m_a="1.000000" m_b="0.000000" m_c="0.000000" m_d="1.000000" m_tx="-2.000000" m_ty="-32.000000"/>
  </frame>
  <frame idx="1125" w="300" h="531" x="-27.000000" y="-137.750000">
   <element name="item" layername="item" frame="0" z_index="6" m_a="1.000000" m_b="0.000000" m_c="0.000000" m_d="1.000000" m_tx="-2.000000" m_ty="-32.000000"/>
  </frame>
  <frame idx="1150" w="300" h="531" x="-27.000000" y="-137.750000">
   <element name="item" layername="item" frame="0" z_index="6" m_a="1.000000" m_b="0.000000" m_c="0.000000" m_d="1.000000" m_tx="-2.000000" m_ty="-32.000000"/>
  </frame>
  <frame idx="1175" w="300" h="531" x="-27.000000" y="-137.750000">
   <element name="item" layername="item" frame="0" z_index="6" m_a="1.000000" m_b="0.000000" m_c="0.000000" m_d="1.000000" m_tx="-2.000000" m_ty="-32.000000"/>
  </frame>
  <frame idx="1200" w="300" h="531" x="-27.000000" y="-137.750000">
   <element name="item" layername="item" frame="0" z_index="6" m_a="1.000000" m_b="0.000000" m_c="0.000000" m_d="1.000000" m_tx="-2.000000" m_ty="-32.000000"/>
  </frame>
  <frame idx="1225" w="300" h="531" x="-27.000000" y="-137.750000">
   <element name="item" layername="item" frame="0" z_index="6" m_a="1.000000" m_b="0.000000" m_c="0.000000" m_d="1.000000" m_tx="-2.000000" m_ty="-32.000000"/>
  </frame>
  <frame idx="1250" w="300" h="531" x="-27.000000" y="-137.750000">
   <element name="item" layername="item" frame="0" z_index="6" m_a="1.000000" m_b="0.000000" m_c="0.000000" m_d="1.000000" m_tx="-2.000000" m_ty="-32.000000"/>
  </frame>
  <frame idx="1275" w="300" h="531" x="-27.000000" y="-137.750000">
   <element name="item" layername="item" frame="0" z_index="6" m_a="1.000000" m_b="0.000000" m_c="0.000000" m_d="1.000000" m_tx="-2.000000" m_ty="-32.000000"/>
  </frame>
  <frame idx="1300" w="300" h="531" x="-27.000000" y="-137.750000">
   <element name="item" layername="item" frame="0" z_index="6" m_a="1.000000" m_b="0.000000" m_c="0.000000" m_d="1.000000" m_tx="-2.000000" m_ty="-32.000000"/>
  </frame>
  <frame idx="1325" w="300" h="531" x="-27.000000" y="-137.750000">
   <element name="item" layername="item" frame="0" z_index="6" m_a="1.000000" m_b="0.000000" m_c="0.000000" m_d="1.000000" m_tx="-2.000000" m_ty="-32.000000"/>
  </frame>
  <frame idx="1350" w="300" h="531" x="-27.000000" y="-137.750000">
   <element name="item" layername="item" frame="0" z_index="6" m_a="1.000000" m_b="0.000000" m_c="0.000000" m_d="1.000000" m_tx="-2.000000" m_ty="-32.000000"/>
  </frame>
  <frame idx="1375" w="300" h="531" x="-27.000000" y="-137.750000">
   <element name="item" layername="item" frame="0" z_index="6" m_a="1.000000" m_b="0.000000" m_c="0.000000" m_d="1.000000" m_tx="-2.000000" m_ty="-32.000000"/>
  </frame>
  <frame idx="1400" w="300" h="531" x="-27.000000" y="-137.750000">
   <element name="item" layername="item" frame="0" z_index="6" m_a="1.000000" m_b="0.000000" m_c="0.000000" m_d="1.000000" m_tx="-2.000000" m_ty="-32.000000"/>
  </frame>
  <frame idx="1425" w="300" h="531" x="-27.000000" y="-137.750000">
   <element name="item" layername="item" frame="0" z_index="6" m_a="1.000000" m_b="0.000000" m_c="0.000000" m_d="1.000000" m_tx="-2.000000" m_ty="-32.000000"/>
  </frame>
  <frame idx="1450" w="300" h="531" x="-27.000000" y="-137.750000">
   <element name="item" layername="item" frame="0" z_index="6" m_a="1.000000" m_b="0.000000" m_c="0.000000" m_d="1.000000" m_tx="-2.000000" m_ty="-32.000000"/>
  </frame>
  <frame idx="1475" w="300" h="531" x="-27.000000" y="-137.750000">
   <element name="item" layername="item" frame="0" z_index="6" m_a="1.000000" m_b="0.000000" m_c="0.000000" m_d="1.000000" m_tx="-2.000000" m_ty="-32.000000"/>
  </frame>
 </anim>
 <anim name="idle_water" root="mutantbeecocoon" numframes="1200" framerate="40">
  <frame idx="0" w="415" h="330" x="-35.930691" y="-52.500000">
   <element name="swap_item" layername="swap_item" frame="0" z_index="2" m_a="1.000000" m_b="0.000000" m_c="0.000000" m_d="1.000000" m_tx="0.000000" m_ty="0.000000"/>
   <element name="water_ripple" layername="water_ripple" frame="0" z_index="3" m_a="0.683075" m_b="0.000000" m_c="0.000000" m_d="0.873703" m_tx="-10.699000" m_ty="30.549999"/>
   <element name="water_shadow" layername="water_shadow" frame="0" z_index="4" m_a="0.496918" m_b="0.000000" m_c="0.000000" m_d="0.471420" m_tx="1.550000" m_ty="11.850000"/>
   <element name="water_shadow" layername="water_shadow" frame="1" z_index="5" m_a="0.473724" m_b="0.000000" m_c="0.000000" m_d="0.537186" m_tx="-0.249000" m_ty="48.049999"/>
   <element name="water_shadow" layername="water_shadow_2" frame="1" z_index="6" m_a="0.845840" m_b="0.000000" m_c="0.000000" m_d="1.000260" m_tx="-0.249000" m_ty="30.900000"/>
  </frame>
  <frame idx="25" w="415" h="330" x="-35.930691" y="-52.464943">
   <element name="swap_item" layername="swap_item" frame="0" z_index="2" m_a="1.000537" m_b="0.000000" m_c="0.000000" m_d="0.998598" m_tx="0.000000" m_ty="0.000000"/>
   <element name="water_ripple" layername="water_ripple" frame="0" z_index="3" m_a="0.683075" m_b="0.000000" m_c="0.000000" m_d="0.873703" m_tx="-10.699000" m_ty="30.549999"/>
   <element name="water_shadow" layername="water_shadow" frame="0" z_index="4" m_a="0.496750" m_b="0.000000" m_c="0.000000" m_d="0.468099" m_tx="1.550000" m_ty="12.291177"/>
   <element name="water_shadow" layername="water_shadow" frame="1" z_index="5" m_a="0.456570" m_b="0.000000" m_c="0.000000" m_d="0.516957" m_tx="-0.249000" m_ty="51.211761"/>
   <element name="water_shadow" layername="water_shadow_2" frame="1" z_index="6" m_a="0.829033" m_b="0.000000" m_c="0.000000" m_d="0.981343" m_tx="-0.249000" m_ty="31.745588"/>
  </frame>
  <frame idx="50" w="415" h="330" x="-35.930691" y="-52.429199">
   <element name="swap_item" layername="swap_item" frame="0" z_index="2" m_a="1.001094" m_b="0.000000" m_c="0.000000" m_d="0.997168" m_tx="0.000000" m_ty="0.000000"/>
   <element name="water_ripple" layername="water_ripple" frame="1" z_index="3" m_a="0.683075" m_b="0.000000" m_c="0.000000" m_d="0.873703" m_tx="-10.699000" m_ty="30.549999"/>
   <element name="water_shadow" layername="water_shadow" frame="0" z_index="4" m_a="0.496578" m_b="0.000000" m_c="0.000000" m_d="0.464714" m_tx="1.550000" m_ty="12.716666"/>
   <element name="water_shadow" layername="water_shadow" frame="1" z_index="5" m_a="0.438956" m_b="0.000000" m_c="0.000000" m_d="0.496335" m_tx="-0.249000" m_ty="52.543938"/>
   <element name="water_shadow" layername="water_shadow_2" frame="1" z_index="6" m_a="0.811900" m_b="0.000000" m_c="0.000000" m_d="0.962060" m_tx="-0.249000" m_ty="32.631817"/>
  </frame>
  <frame idx="75" w="418" h="329" x="-35.919357" y="-52.392975">
   <element name="swap_item" layername="swap_item" frame="0" z_index="2" m_a="1.001657" m_b="0.000000" m_c="0.000000" m_d="0.995719" m_tx="0.000000" m_ty="0.000000"/>
   <element name="water_ripple" layername="water_ripple" frame="2" z_index="3" m_a="0.683075" m_b="0.000000" m_c="0.000000" m_d="0.873703" m_tx="-10.699000" m_ty="30.549999"/>
   <element name="water_shadow" layername="water_shadow" frame="0" z_index="4" m_a="0.496404" m_b="0.000000" m_c="0.000000" m_d="0.461292" m_tx="1.550000" m_ty="13.145454"/>
   <element name="water_shadow" layername="water_shadow" frame="1" z_index="5" m_a="0.421089" m_b="0.000000" m_c="0.000000" m_d="0.475493" m_tx="-0.249000" m_ty="52.859093"/>
   <element name="water_shadow" layername="water_shadow_2" frame="1" z_index="6" m_a="0.794580" m_b="0.000000" m_c="0.000000" m_d="0.942570" m_tx="-0.249000" m_ty="33.528790"/>
  </frame>
  <frame idx="100" w="418" h="329" x="-35.918495" y="-52.356575">
   <element name="swap_item" layername="swap_item" frame="0" z_index="2" m_a="1.002210" m_b="0.000000" m_c="0.000000" m_d="0.994263" m_tx="0.000000" m_ty="0.000000"/>
   <element name="water_ripple" layername="water_ripple" frame="3" z_index="3" m_a="0.683075" m_b="0.000000" m_c="0.000000" m_d="0.873703" m_tx="-10.699000" m_ty="30.549999"/>
   <element name="water_shadow" layername="water_shadow" frame="0" z_index="4" m_a="0.496231" m_b="0.000000" m_c="0.000000" m_d="0.457870" m_tx="1.550000" m_ty="13.600000"/>
   <element name="water_shadow" layername="water_shadow" frame="1" z_index="5" m_a="0.403229" m_b="0.000000" m_c="0.000000" m_d="0.454651" m_tx="-0.249000" m_ty="53.200001"/>
   <element name="water_shadow" layername="water_shadow_2" frame="1" z_index="6" m_a="0.777252" m_b="0.000000" m_c="0.000000" m_d="0.923080" m_tx="-0.249000" m_ty="34.400002"/>
  </frame>
  <frame idx="125" w="418" h="329" x="-35.954422" y="-52.321503">
   <element name="swap_item" layername="swap_item" frame="0" z_index="2" m_a="1.002761" m_b="0.000000" m_c="0.000000" m_d="0.992860" m_tx="0.000000" m_ty="0.000000"/>
   <element name="water_ripple" layername="water_ripple" frame="3" z_index="3" m_a="0.683075" m_b="0.000000" m_c="0.000000" m_d="0.873703" m_tx="-10.699000" m_ty="30.549999"/>
   <element name="water_shadow" layername="water_shadow" frame="0" z_index="4" m_a="0.496063" m_b="0.000000" m_c="0.000000" m_d="0.454549" m_tx="1.513235" m_ty="14.077941"/>
   <element name="water_shadow" layername="water_shadow" frame="1" z_index="5" m_a="0.385883" m_b="0.000000" m_c="0.000000" m_d="0.434411" m_tx="-0.249000" m_ty="53.494118"/>
   <element name="water_shadow" layername="water_shadow_2" frame="1" z_index="6" m_a="0.760434" m_b="0.000000" m_c="0.000000" m_d="0.904164" m_tx="-0.212235" m_ty="35.245586"/>
  </frame>
  <frame idx="150" w="424" h="328" x="-36.466843" y="-52.285759">
   <element name="swap_item" layername="swap_item" frame="0" z_index="2" m_a="1.003314" m_b="0.000000" m_c="0.000000" m_d="0.991430" m_tx="0.000000" m_ty="0.000000"/>
   <element name="water_ripple" layername="water_ripple" frame="4" z_index="3" m_a="0.683075" m_b="0.000000" m_c="0.000000" m_d="0.873703" m_tx="-10.699000" m_ty="30.549999"/>
   <element name="water_shadow" layername="water_shadow" frame="0" z_index="4" m_a="0.495899" m_b="0.000000" m_c="0.000000" m_d="0.451172" m_tx="1.500000" m_ty="14.565151"/>
   <element name="water_shadow" layername="water_shadow" frame="1" z_index="5" m_a="0.368209" m_b="0.000000" m_c="0.000000" m_d="0.413785" m_tx="-0.249000" m_ty="53.818180"/>
   <element name="water_shadow" layername="water_shadow_2" frame="1" z_index="6" m_a="0.743297" m_b="0.000000" m_c="0.000000" m_d="0.884881" m_tx="-0.223242" m_ty="36.131817"/>
  </frame>
  <frame idx="175" w="424" h="328" x="-36.466019" y="-52.249641">
   <element name="swap_item" layername="swap_item" frame="0" z_index="2" m_a="1.003869" m_b="0.000000" m_c="0.000000" m_d="0.989986" m_tx="0.000000" m_ty="0.000000"/>
   <element name="water_ripple" layername="water_ripple" frame="5" z_index="3" m_a="0.683075" m_b="0.000000" m_c="0.000000" m_d="0.873703" m_tx="-10.699000" m_ty="30.549999"/>
   <element name="water_shadow" layername="water_shadow" frame="0" z_index="4" m_a="0.495733" m_b="0.000000" m_c="0.000000" m_d="0.447758" m_tx="1.500000" m_ty="15.033333"/>
   <element name="water_shadow" layername="water_shadow" frame="1" z_index="5" m_a="0.350345" m_b="0.000000" m_c="0.000000" m_d="0.392943" m_tx="-0.249000" m_ty="54.146969"/>
   <element name="water_shadow" layername="water_shadow_2" frame="1" z_index="6" m_a="0.725981" m_b="0.000000" m_c="0.000000" m_d="0.865391" m_tx="-0.249000" m_ty="37.028790"/>
  </frame>
  <frame idx="200" w="428" h="327" x="-37.425812" y="-52.213524">
   <element name="swap_item" layername="swap_item" frame="0" z_index="2" m_a="1.004430" m_b="0.000000" m_c="0.000000" m_d="0.988541" m_tx="0.000000" m_ty="0.000000"/>
   <element name="water_ripple" layername="water_ripple" frame="6" z_index="3" m_a="0.683075" m_b="0.000000" m_c="0.000000" m_d="0.873703" m_tx="-10.699000" m_ty="30.549999"/>
   <element name="water_shadow" layername="water_shadow" frame="0" z_index="4" m_a="0.495560" m_b="0.000000" m_c="0.000000" m_d="0.444336" m_tx="1.500000" m_ty="15.450000"/>
   <element name="water_shadow" layername="water_shadow" frame="1" z_index="5" m_a="0.332474" m_b="0.000000" m_c="0.000000" m_d="0.372101" m_tx="-0.249000" m_ty="54.450001"/>
   <element name="water_shadow" layername="water_shadow_2" frame="1" z_index="6" m_a="0.708664" m_b="0.000000" m_c="0.000000" m_d="0.845901" m_tx="-0.249000" m_ty="37.900002"/>
  </frame>
  <frame idx="225" w="428" h="327" x="-37.425812" y="-52.178452">
   <element name="swap_item" layername="swap_item" frame="0" z_index="2" m_a="1.004974" m_b="0.000000" m_c="0.000000" m_d="0.987138" m_tx="0.000000" m_ty="0.000000"/>
   <element name="water_ripple" layername="water_ripple" frame="6" z_index="3" m_a="0.683075" m_b="0.000000" m_c="0.000000" m_d="0.873703" m_tx="-10.699000" m_ty="30.549999"/>
   <element name="water_shadow" layername="water_shadow" frame="0" z_index="4" m_a="0.495392" m_b="0.000000" m_c="0.000000" m_d="0.441015" m_tx="1.500000" m_ty="15.891176"/>
   <element name="water_shadow" layername="water_shadow" frame="1" z_index="5" m_a="0.315139" m_b="0.000000" m_c="0.000000" m_d="0.351872" m_tx="-0.249000" m_ty="54.744118"/>
   <element name="water_shadow" layername="water_shadow_2" frame="1" z_index="6" m_a="0.691857" m_b="0.000000" m_c="0.000000" m_d="0.826985" m_tx="-0.249000" m_ty="38.782352"/>
  </frame>
  <frame idx="250" w="428" h="327" x="-37.425812" y="-52.142708">
   <element name="swap_item" layername="swap_item" frame="0" z_index="2" m_a="1.005529" m_b="0.000000" m_c="0.000000" m_d="0.985708" m_tx="0.000000" m_ty="0.000000"/>
   <element name="water_ripple" layername="water_ripple" frame="7" z_index="3" m_a="0.683075" m_b="0.000000" m_c="0.000000" m_d="0.873703" m_tx="-10.699000" m_ty="30.549999"/>
   <element name="water_shadow" layername="water_shadow" frame="0" z_index="4" m_a="0.495220" m_b="0.000000" m_c="0.000000" m_d="0.437629" m_tx="1.500000" m_ty="16.340908"/>
   <element name="water_shadow" layername="water_shadow" frame="1" z_index="5" m_a="0.297461" m_b="0.000000" m_c="0.000000" m_d="0.331250" m_tx="-0.249000" m_ty="55.068180"/>
   <element name="water_shadow" layername="water_shadow_2" frame="1" z_index="6" m_a="0.674724" m_b="0.000000" m_c="0.000000" m_d="0.807702" m_tx="-0.249000" m_ty="39.657574"/>
  </frame>
  <frame idx="275" w="430" h="326" x="-37.989460" y="-52.106590">
   <element name="swap_item" layername="swap_item" frame="0" z_index="2" m_a="1.006089" m_b="0.000000" m_c="0.000000" m_d="0.984264" m_tx="0.000000" m_ty="0.000000"/>
   <element name="water_ripple" layername="water_ripple" frame="8" z_index="3" m_a="0.683075" m_b="0.000000" m_c="0.000000" m_d="0.873703" m_tx="-10.699000" m_ty="30.549999"/>
   <element name="water_shadow" layername="water_shadow" frame="0" z_index="4" m_a="0.495046" m_b="0.000000" m_c="0.000000" m_d="0.434208" m_tx="1.500000" m_ty="16.795454"/>
   <element name="water_shadow" layername="water_shadow" frame="1" z_index="5" m_a="0.279594" m_b="0.000000" m_c="0.000000" m_d="0.310405" m_tx="-0.249000" m_ty="55.396969"/>
   <element name="water_shadow" layername="water_shadow_2" frame="1" z_index="6" m_a="0.657408" m_b="0.000000" m_c="0.000000" m_d="0.788212" m_tx="-0.249000" m_ty="40.540909"/>
  </frame>
  <frame idx="300" w="430" h="326" x="-37.989460" y="-52.070473">
   <element name="swap_item" layername="swap_item" frame="0" z_index="2" m_a="1.006650" m_b="0.000000" m_c="0.000000" m_d="0.982819" m_tx="0.000000" m_ty="0.000000"/>
   <element name="water_ripple" layername="water_ripple" frame="9" z_index="3" m_a="0.683075" m_b="0.000000" m_c="0.000000" m_d="0.873703" m_tx="-10.699000" m_ty="30.549999"/>
   <element name="water_shadow" layername="water_shadow" frame="0" z_index="4" m_a="0.494873" m_b="0.000000" m_c="0.000000" m_d="0.430786" m_tx="1.500000" m_ty="17.250000"/>
   <element name="water_shadow" layername="water_shadow" frame="1" z_index="5" m_a="0.261734" m_b="0.000000" m_c="0.000000" m_d="0.289551" m_tx="-0.249000" m_ty="55.700001"/>
   <element name="water_shadow" layername="water_shadow_2" frame="1" z_index="6" m_a="0.640091" m_b="0.000000" m_c="0.000000" m_d="0.768723" m_tx="-0.249000" m_ty="41.450001"/>
  </frame>
  <frame idx="325" w="430" h="324" x="-37.989460" y="-51.535126">
   <element name="swap_item" layername="swap_item" frame="0" z_index="2" m_a="1.007194" m_b="0.000000" m_c="0.000000" m_d="0.981405" m_tx="0.000000" m_ty="0.000000"/>
   <element name="water_ripple" layername="water_ripple" frame="9" z_index="3" m_a="0.683075" m_b="0.000000" m_c="0.000000" m_d="0.873703" m_tx="-10.699000" m_ty="30.549999"/>
   <element name="water_shadow" layername="water_shadow" frame="0" z_index="4" m_a="0.494705" m_b="0.000000" m_c="0.000000" m_d="0.427465" m_tx="1.463235" m_ty="17.654411"/>
   <element name="water_shadow" layername="water_shadow" frame="1" z_index="5" m_a="0.244388" m_b="0.000000" m_c="0.000000" m_d="0.269322" m_tx="-0.285765" m_ty="56.030884"/>
   <element name="water_shadow" layername="water_shadow_2" frame="1" z_index="6" m_a="0.623284" m_b="0.000000" m_c="0.000000" m_d="0.749806" m_tx="-0.285765" m_ty="42.295586"/>
  </frame>
  <frame idx="350" w="411" h="324" x="-45.471893" y="-51.499283">
   <element name="swap_item" layername="swap_item" frame="0" z_index="2" m_a="1.007744" m_b="0.000000" m_c="0.000000" m_d="0.979971" m_tx="0.000000" m_ty="0.000000"/>
   <element name="water_ripple" layername="water_ripple" frame="10" z_index="3" m_a="0.683075" m_b="0.000000" m_c="0.000000" m_d="0.873703" m_tx="-10.699000" m_ty="30.549999"/>
   <element name="water_shadow" layername="water_shadow" frame="0" z_index="4" m_a="0.494533" m_b="0.000000" m_c="0.000000" m_d="0.424080" m_tx="1.450000" m_ty="18.115152"/>
   <element name="water_shadow" layername="water_shadow" frame="1" z_index="5" m_a="0.226714" m_b="0.000000" m_c="0.000000" m_d="0.248693" m_tx="-0.299000" m_ty="56.343941"/>
   <element name="water_shadow" layername="water_shadow_2" frame="1" z_index="6" m_a="0.606151" m_b="0.000000" m_c="0.000000" m_d="0.730523" m_tx="-0.299000" m_ty="43.157574"/>
  </frame>
  <frame idx="375" w="411" h="324" x="-45.471893" y="-51.463161">
   <element name="swap_item" layername="swap_item" frame="0" z_index="2" m_a="1.008302" m_b="0.000000" m_c="0.000000" m_d="0.978526" m_tx="0.000000" m_ty="0.000000"/>
   <element name="water_ripple" layername="water_ripple" frame="11" z_index="3" m_a="0.683075" m_b="0.000000" m_c="0.000000" m_d="0.873703" m_tx="-10.699000" m_ty="30.549999"/>
   <element name="water_shadow" layername="water_shadow" frame="0" z_index="4" m_a="0.494359" m_b="0.000000" m_c="0.000000" m_d="0.420658" m_tx="1.450000" m_ty="18.595455"/>
   <element name="water_shadow" layername="water_shadow" frame="1" z_index="5" m_a="0.208850" m_b="0.000000" m_c="0.000000" m_d="0.227843" m_tx="-0.299000" m_ty="56.659092"/>
   <element name="water_shadow" layername="water_shadow_2" frame="1" z_index="6" m_a="0.588835" m_b="0.000000" m_c="0.000000" m_d="0.711033" m_tx="-0.299000" m_ty="44.040909"/>
  </frame>
  <frame idx="400" w="393" h="323" x="-34.008324" y="-51.427025">
   <element name="swap_item" layername="swap_item" frame="0" z_index="2" m_a="1.008870" m_b="0.000000" m_c="0.000000" m_d="0.977081" m_tx="0.000000" m_ty="0.000000"/>
   <element name="water_ripple" layername="water_ripple" frame="12" z_index="3" m_a="0.683075" m_b="0.000000" m_c="0.000000" m_d="0.873703" m_tx="-10.699000" m_ty="30.549999"/>
   <element name="water_shadow" layername="water_shadow" frame="0" z_index="4" m_a="0.494186" m_b="0.000000" m_c="0.000000" m_d="0.417236" m_tx="1.450000" m_ty="19.049999"/>
   <element name="water_shadow" layername="water_shadow" frame="1" z_index="5" m_a="0.190979" m_b="0.000000" m_c="0.000000" m_d="0.207001" m_tx="-0.299000" m_ty="57.000000"/>
   <element name="water_shadow" layername="water_shadow_2" frame="1" z_index="6" m_a="0.571518" m_b="0.000000" m_c="0.000000" m_d="0.691544" m_tx="-0.299000" m_ty="44.950001"/>
  </frame>
  <frame idx="425" w="393" h="323" x="-34.007488" y="-51.391968">
   <element name="swap_item" layername="swap_item" frame="0" z_index="2" m_a="1.009407" m_b="0.000000" m_c="0.000000" m_d="0.975679" m_tx="0.000000" m_ty="0.000000"/>
   <element name="water_ripple" layername="water_ripple" frame="12" z_index="3" m_a="0.683075" m_b="0.000000" m_c="0.000000" m_d="0.873703" m_tx="-10.699000" m_ty="30.549999"/>
   <element name="water_shadow" layername="water_shadow" frame="0" z_index="4" m_a="0.494018" m_b="0.000000" m_c="0.000000" m_d="0.413915" m_tx="1.450000" m_ty="19.454412"/>
   <element name="water_shadow" layername="water_shadow" frame="1" z_index="5" m_a="0.173644" m_b="0.000000" m_c="0.000000" m_d="0.186772" m_tx="-0.299000" m_ty="57.294117"/>
   <element name="water_shadow" layername="water_shadow_2" frame="1" z_index="6" m_a="0.554711" m_b="0.000000" m_c="0.000000" m_d="0.672627" m_tx="-0.299000" m_ty="45.795586"/>
  </frame>
  <frame idx="450" w="393" h="322" x="-34.006672" y="-51.356236">
   <element name="swap_item" layername="swap_item" frame="0" z_index="2" m_a="1.009954" m_b="0.000000" m_c="0.000000" m_d="0.974249" m_tx="0.000000" m_ty="0.000000"/>
   <element name="water_ripple" layername="water_ripple" frame="13" z_index="3" m_a="0.683075" m_b="0.000000" m_c="0.000000" m_d="0.873703" m_tx="-10.699000" m_ty="30.549999"/>
   <element name="water_shadow" layername="water_shadow" frame="0" z_index="4" m_a="0.493854" m_b="0.000000" m_c="0.000000" m_d="0.410537" m_tx="1.450000" m_ty="19.915152"/>
   <element name="water_shadow" layername="water_shadow" frame="1" z_index="5" m_a="0.155966" m_b="0.000000" m_c="0.000000" m_d="0.166150" m_tx="-0.299000" m_ty="57.593941"/>
   <element name="water_shadow" layername="water_shadow_2" frame="1" z_index="6" m_a="0.537578" m_b="0.000000" m_c="0.000000" m_d="0.653344" m_tx="-0.299000" m_ty="46.633331"/>
  </frame>
  <frame idx="475" w="399" h="322" x="-34.505848" y="-51.320114">
   <element name="swap_item" layername="swap_item" frame="0" z_index="2" m_a="1.010512" m_b="0.000000" m_c="0.000000" m_d="0.972804" m_tx="0.000000" m_ty="0.000000"/>
   <element name="water_ripple" layername="water_ripple" frame="14" z_index="3" m_a="0.683075" m_b="0.000000" m_c="0.000000" m_d="0.873703" m_tx="-10.699000" m_ty="30.549999"/>
   <element name="water_shadow" layername="water_shadow" frame="0" z_index="4" m_a="0.493688" m_b="0.000000" m_c="0.000000" m_d="0.407123" m_tx="1.450000" m_ty="20.395454"/>
   <element name="water_shadow" layername="water_shadow" frame="1" z_index="5" m_a="0.138099" m_b="0.000000" m_c="0.000000" m_d="0.145308" m_tx="-0.299000" m_ty="57.909092"/>
   <element name="water_shadow" layername="water_shadow_2" frame="1" z_index="6" m_a="0.520262" m_b="0.000000" m_c="0.000000" m_d="0.633854" m_tx="-0.299000" m_ty="47.503033"/>
  </frame>
  <frame idx="500" w="399" h="322" x="-34.504986" y="-51.283974">
   <element name="swap_item" layername="swap_item" frame="0" z_index="2" m_a="1.011080" m_b="0.000000" m_c="0.000000" m_d="0.971359" m_tx="0.000000" m_ty="0.000000"/>
   <element name="water_ripple" layername="water_ripple" frame="15" z_index="3" m_a="0.683075" m_b="0.000000" m_c="0.000000" m_d="0.873703" m_tx="-10.699000" m_ty="30.549999"/>
   <element name="water_shadow" layername="water_shadow" frame="0" z_index="4" m_a="0.493515" m_b="0.000000" m_c="0.000000" m_d="0.403702" m_tx="1.450000" m_ty="20.850000"/>
   <element name="water_shadow" layername="water_shadow" frame="1" z_index="5" m_a="0.120239" m_b="0.000000" m_c="0.000000" m_d="0.124466" m_tx="-0.299000" m_ty="58.250000"/>
   <element name="water_shadow" layername="water_shadow_2" frame="1" z_index="6" m_a="0.502945" m_b="0.000000" m_c="0.000000" m_d="0.614365" m_tx="-0.299000" m_ty="48.450001"/>
  </frame>
  <frame idx="525" w="399" h="321" x="-34.540913" y="-51.248642">
   <element name="swap_item" layername="swap_item" frame="0" z_index="2" m_a="1.011617" m_b="0.000000" m_c="0.000000" m_d="0.969946" m_tx="0.000000" m_ty="0.000000"/>
   <element name="water_ripple" layername="water_ripple" frame="15" z_index="3" m_a="0.683075" m_b="0.000000" m_c="0.000000" m_d="0.873703" m_tx="-10.699000" m_ty="30.549999"/>
   <element name="water_shadow" layername="water_shadow" frame="0" z_index="4" m_a="0.493347" m_b="0.000000" m_c="0.000000" m_d="0.400381" m_tx="1.413235" m_ty="21.291178"/>
   <element name="water_shadow" layername="water_shadow" frame="1" z_index="5" m_a="0.102893" m_b="0.000000" m_c="0.000000" m_d="0.104226" m_tx="-0.299000" m_ty="58.544117"/>
   <element name="water_shadow" layername="water_shadow_2" frame="1" z_index="6" m_a="0.486127" m_b="0.000000" m_c="0.000000" m_d="0.595448" m_tx="-0.299000" m_ty="49.295586"/>
  </frame>
  <frame idx="550" w="405" h="321" x="-35.053291" y="-51.212799">
   <element name="swap_item" layername="swap_item" frame="0" z_index="2" m_a="1.012174" m_b="0.000000" m_c="0.000000" m_d="0.968512" m_tx="0.000000" m_ty="0.000000"/>
   <element name="water_ripple" layername="water_ripple" frame="16" z_index="3" m_a="0.683075" m_b="0.000000" m_c="0.000000" m_d="0.873703" m_tx="-10.699000" m_ty="30.549999"/>
   <element name="water_shadow" layername="water_shadow" frame="0" z_index="4" m_a="0.493175" m_b="0.000000" m_c="0.000000" m_d="0.396995" m_tx="1.400000" m_ty="21.716667"/>
   <element name="water_shadow" layername="water_shadow" frame="1" z_index="5" m_a="0.085219" m_b="0.000000" m_c="0.000000" m_d="0.083600" m_tx="-0.299000" m_ty="58.868183"/>
   <element name="water_shadow" layername="water_shadow_2" frame="1" z_index="6" m_a="0.468989" m_b="0.000000" m_c="0.000000" m_d="0.576165" m_tx="-0.299000" m_ty="50.181816"/>
  </frame>
  <frame idx="575" w="405" h="320" x="-35.052429" y="-51.176666">
   <element name="swap_item" layername="swap_item" frame="0" z_index="2" m_a="1.012737" m_b="0.000000" m_c="0.000000" m_d="0.967067" m_tx="0.000000" m_ty="0.000000"/>
   <element name="water_ripple" layername="water_ripple" frame="17" z_index="3" m_a="0.683075" m_b="0.000000" m_c="0.000000" m_d="0.873703" m_tx="-10.699000" m_ty="30.549999"/>
   <element name="water_shadow" layername="water_shadow" frame="0" z_index="4" m_a="0.493001" m_b="0.000000" m_c="0.000000" m_d="0.393574" m_tx="1.400000" m_ty="22.181818"/>
   <element name="water_shadow" layername="water_shadow" frame="1" z_index="5" m_a="0.067355" m_b="0.000000" m_c="0.000000" m_d="0.062758" m_tx="-0.299000" m_ty="59.196968"/>
   <element name="water_shadow" layername="water_shadow_2" frame="1" z_index="6" m_a="0.451673" m_b="0.000000" m_c="0.000000" m_d="0.556675" m_tx="-0.299000" m_ty="51.078789"/>
  </frame>
  <frame idx="600" w="415" h="320" x="-36.051567" y="-51.140549">
   <element name="swap_item" layername="swap_item" frame="0" z_index="2" m_a="1.013290" m_b="0.000000" m_c="0.000000" m_d="0.965622" m_tx="0.000000" m_ty="0.000000"/>
   <element name="water_ripple" layername="water_ripple" frame="0" z_index="3" m_a="0.683075" m_b="0.000000" m_c="0.000000" m_d="0.873703" m_tx="-10.699000" m_ty="30.549999"/>
   <element name="water_shadow" layername="water_shadow" frame="0" z_index="4" m_a="0.492828" m_b="0.000000" m_c="0.000000" m_d="0.390152" m_tx="1.400000" m_ty="22.750000"/>
   <element name="water_shadow" layername="water_shadow" frame="1" z_index="5" m_a="0.049484" m_b="0.000000" m_c="0.000000" m_d="0.041916" m_tx="-0.299000" m_ty="59.500000"/>
   <element name="water_shadow" layername="water_shadow_2" frame="1" z_index="6" m_a="0.434357" m_b="0.000000" m_c="0.000000" m_d="0.537186" m_tx="-0.299000" m_ty="51.950001"/>
  </frame>
  <frame idx="625" w="415" h="320" x="-36.052464" y="-51.177849">
   <element name="swap_item" layername="swap_item" frame="0" z_index="2" m_a="1.012709" m_b="0.000000" m_c="0.000000" m_d="0.967114" m_tx="0.000000" m_ty="0.000000"/>
   <element name="water_ripple" layername="water_ripple" frame="0" z_index="3" m_a="0.683075" m_b="0.000000" m_c="0.000000" m_d="0.873703" m_tx="-10.699000" m_ty="30.549999"/>
   <element name="water_shadow" layername="water_shadow" frame="0" z_index="4" m_a="0.493008" m_b="0.000000" m_c="0.000000" m_d="0.393664" m_tx="1.400000" m_ty="22.308823"/>
   <element name="water_shadow" layername="water_shadow" frame="1" z_index="5" m_a="0.583351" m_b="0.000000" m_c="0.000000" m_d="0.746581" m_tx="-0.299000" m_ty="41.338234"/>
   <element name="water_shadow" layername="water_shadow_2" frame="1" z_index="6" m_a="0.418638" m_b="0.000000" m_c="0.000000" m_d="0.516957" m_tx="-0.299000" m_ty="52.244118"/>
  </frame>
  <frame idx="650" w="415" h="321" x="-36.053375" y="-51.215698">
   <element name="swap_item" layername="swap_item" frame="0" z_index="2" m_a="1.012127" m_b="0.000000" m_c="0.000000" m_d="0.968628" m_tx="0.000000" m_ty="0.000000"/>
   <element name="water_ripple" layername="water_ripple" frame="1" z_index="3" m_a="0.683075" m_b="0.000000" m_c="0.000000" m_d="0.873703" m_tx="-10.699000" m_ty="30.549999"/>
   <element name="water_shadow" layername="water_shadow" frame="0" z_index="4" m_a="0.493191" m_b="0.000000" m_c="0.000000" m_d="0.397251" m_tx="1.400000" m_ty="21.810606"/>
   <element name="water_shadow" layername="water_shadow" frame="1" z_index="5" m_a="0.765815" m_b="0.000000" m_c="0.000000" m_d="0.987054" m_tx="-0.299000" m_ty="35.284847"/>
   <element name="water_shadow" layername="water_shadow_2" frame="1" z_index="6" m_a="0.402607" m_b="0.000000" m_c="0.000000" m_d="0.496335" m_tx="-0.299000" m_ty="52.568180"/>
  </frame>
  <frame idx="675" w="418" h="321" x="-36.042152" y="-51.253944">
   <element name="swap_item" layername="swap_item" frame="0" z_index="2" m_a="1.011538" m_b="0.000000" m_c="0.000000" m_d="0.970158" m_tx="0.000000" m_ty="0.000000"/>
   <element name="water_ripple" layername="water_ripple" frame="2" z_index="3" m_a="0.683075" m_b="0.000000" m_c="0.000000" m_d="0.873703" m_tx="-10.699000" m_ty="30.549999"/>
   <element name="water_shadow" layername="water_shadow" frame="0" z_index="4" m_a="0.493373" m_b="0.000000" m_c="0.000000" m_d="0.400877" m_tx="1.412121" m_ty="21.316668"/>
   <element name="water_shadow" layername="water_shadow" frame="1" z_index="5" m_a="0.750610" m_b="0.000000" m_c="0.000000" m_d="0.966419" m_tx="-0.299000" m_ty="36.042423"/>
   <element name="water_shadow" layername="water_shadow_2" frame="1" z_index="6" m_a="0.386404" m_b="0.000000" m_c="0.000000" m_d="0.475489" m_tx="-0.299000" m_ty="52.896969"/>
  </frame>
  <frame idx="700" w="418" h="322" x="-36.005138" y="-51.292374">
   <element name="swap_item" layername="swap_item" frame="0" z_index="2" m_a="1.010940" m_b="0.000000" m_c="0.000000" m_d="0.971695" m_tx="0.000000" m_ty="0.000000"/>
   <element name="water_ripple" layername="water_ripple" frame="3" z_index="3" m_a="0.683075" m_b="0.000000" m_c="0.000000" m_d="0.873703" m_tx="-10.699000" m_ty="30.549999"/>
   <element name="water_shadow" layername="water_shadow" frame="0" z_index="4" m_a="0.493546" m_b="0.000000" m_c="0.000000" m_d="0.404495" m_tx="1.450000" m_ty="20.900000"/>
   <element name="water_shadow" layername="water_shadow" frame="1" z_index="5" m_a="0.735397" m_b="0.000000" m_c="0.000000" m_d="0.945786" m_tx="-0.299000" m_ty="36.799999"/>
   <element name="water_shadow" layername="water_shadow_2" frame="1" z_index="6" m_a="0.370209" m_b="0.000000" m_c="0.000000" m_d="0.454636" m_tx="-0.299000" m_ty="53.200001"/>
  </frame>
  <frame idx="725" w="418" h="322" x="-36.006031" y="-51.329399">
   <element name="swap_item" layername="swap_item" frame="0" z_index="2" m_a="1.010359" m_b="0.000000" m_c="0.000000" m_d="0.973176" m_tx="0.000000" m_ty="0.000000"/>
   <element name="water_ripple" layername="water_ripple" frame="3" z_index="3" m_a="0.683075" m_b="0.000000" m_c="0.000000" m_d="0.873703" m_tx="-10.699000" m_ty="30.549999"/>
   <element name="water_shadow" layername="water_shadow" frame="0" z_index="4" m_a="0.493725" m_b="0.000000" m_c="0.000000" m_d="0.408007" m_tx="1.450000" m_ty="20.422058"/>
   <element name="water_shadow" layername="water_shadow" frame="1" z_index="5" m_a="0.720643" m_b="0.000000" m_c="0.000000" m_d="0.925747" m_tx="-0.299000" m_ty="37.535294"/>
   <element name="water_shadow" layername="water_shadow_2" frame="1" z_index="6" m_a="0.354490" m_b="0.000000" m_c="0.000000" m_d="0.434407" m_tx="-0.299000" m_ty="53.494118"/>
  </frame>
  <frame idx="750" w="424" h="323" x="-36.506939" y="-51.367138">
   <element name="swap_item" layername="swap_item" frame="0" z_index="2" m_a="1.009777" m_b="0.000000" m_c="0.000000" m_d="0.974685" m_tx="0.000000" m_ty="0.000000"/>
   <element name="water_ripple" layername="water_ripple" frame="4" z_index="3" m_a="0.683075" m_b="0.000000" m_c="0.000000" m_d="0.873703" m_tx="-10.699000" m_ty="30.549999"/>
   <element name="water_shadow" layername="water_shadow" frame="0" z_index="4" m_a="0.493908" m_b="0.000000" m_c="0.000000" m_d="0.411587" m_tx="1.450000" m_ty="19.934849"/>
   <element name="water_shadow" layername="water_shadow" frame="1" z_index="5" m_a="0.705604" m_b="0.000000" m_c="0.000000" m_d="0.905327" m_tx="-0.274758" m_ty="38.309090"/>
   <element name="water_shadow" layername="water_shadow_2" frame="1" z_index="6" m_a="0.338466" m_b="0.000000" m_c="0.000000" m_d="0.413785" m_tx="-0.299000" m_ty="53.818180"/>
  </frame>
  <frame idx="775" w="424" h="323" x="-36.507858" y="-51.405380">
   <element name="swap_item" layername="swap_item" frame="0" z_index="2" m_a="1.009193" m_b="0.000000" m_c="0.000000" m_d="0.976215" m_tx="0.000000" m_ty="0.000000"/>
   <element name="water_ripple" layername="water_ripple" frame="5" z_index="3" m_a="0.683075" m_b="0.000000" m_c="0.000000" m_d="0.873703" m_tx="-10.699000" m_ty="30.549999"/>
   <element name="water_shadow" layername="water_shadow" frame="0" z_index="4" m_a="0.494093" m_b="0.000000" m_c="0.000000" m_d="0.415209" m_tx="1.450000" m_ty="19.442425"/>
   <element name="water_shadow" layername="water_shadow" frame="1" z_index="5" m_a="0.690399" m_b="0.000000" m_c="0.000000" m_d="0.884693" m_tx="-0.261121" m_ty="39.092422"/>
   <element name="water_shadow" layername="water_shadow_2" frame="1" z_index="6" m_a="0.322268" m_b="0.000000" m_c="0.000000" m_d="0.392943" m_tx="-0.299000" m_ty="54.146969"/>
  </frame>
  <frame idx="800" w="428" h="323" x="-37.425812" y="-51.443825">
   <element name="swap_item" layername="swap_item" frame="0" z_index="2" m_a="1.008610" m_b="0.000000" m_c="0.000000" m_d="0.977753" m_tx="0.000000" m_ty="0.000000"/>
   <element name="water_ripple" layername="water_ripple" frame="6" z_index="3" m_a="0.683075" m_b="0.000000" m_c="0.000000" m_d="0.873703" m_tx="-10.699000" m_ty="30.549999"/>
   <element name="water_shadow" layername="water_shadow" frame="0" z_index="4" m_a="0.494278" m_b="0.000000" m_c="0.000000" m_d="0.418839" m_tx="1.450000" m_ty="18.950001"/>
   <element name="water_shadow" layername="water_shadow" frame="1" z_index="5" m_a="0.675186" m_b="0.000000" m_c="0.000000" m_d="0.864059" m_tx="-0.299000" m_ty="39.849998"/>
   <element name="water_shadow" layername="water_shadow_2" frame="1" z_index="6" m_a="0.306061" m_b="0.000000" m_c="0.000000" m_d="0.372101" m_tx="-0.299000" m_ty="54.450001"/>
  </frame>
  <frame idx="825" w="428" h="324" x="-37.425812" y="-51.481125">
   <element name="swap_item" layername="swap_item" frame="0" z_index="2" m_a="1.008014" m_b="0.000000" m_c="0.000000" m_d="0.979245" m_tx="0.000000" m_ty="0.000000"/>
   <element name="water_ripple" layername="water_ripple" frame="6" z_index="3" m_a="0.683075" m_b="0.000000" m_c="0.000000" m_d="0.873703" m_tx="-10.699000" m_ty="30.549999"/>
   <element name="water_shadow" layername="water_shadow" frame="0" z_index="4" m_a="0.494446" m_b="0.000000" m_c="0.000000" m_d="0.422351" m_tx="1.450000" m_ty="18.472059"/>
   <element name="water_shadow" layername="water_shadow" frame="1" z_index="5" m_a="0.660432" m_b="0.000000" m_c="0.000000" m_d="0.844033" m_tx="-0.299000" m_ty="40.585293"/>
   <element name="water_shadow" layername="water_shadow_2" frame="1" z_index="6" m_a="0.290342" m_b="0.000000" m_c="0.000000" m_d="0.351872" m_tx="-0.299000" m_ty="54.744118"/>
  </frame>
  <frame idx="850" w="428" h="324" x="-37.425812" y="-51.518963">
   <element name="swap_item" layername="swap_item" frame="0" z_index="2" m_a="1.007427" m_b="0.000000" m_c="0.000000" m_d="0.980758" m_tx="0.000000" m_ty="0.000000"/>
   <element name="water_ripple" layername="water_ripple" frame="7" z_index="3" m_a="0.683075" m_b="0.000000" m_c="0.000000" m_d="0.873703" m_tx="-10.699000" m_ty="30.549999"/>
   <element name="water_shadow" layername="water_shadow" frame="0" z_index="4" m_a="0.494625" m_b="0.000000" m_c="0.000000" m_d="0.425931" m_tx="1.450000" m_ty="18.009090"/>
   <element name="water_shadow" layername="water_shadow" frame="1" z_index="5" m_a="0.645393" m_b="0.000000" m_c="0.000000" m_d="0.823609" m_tx="-0.299000" m_ty="41.334846"/>
   <element name="water_shadow" layername="water_shadow_2" frame="1" z_index="6" m_a="0.274318" m_b="0.000000" m_c="0.000000" m_d="0.331243" m_tx="-0.299000" m_ty="55.068180"/>
  </frame>
  <frame idx="875" w="430" h="326" x="-37.989460" y="-52.057205">
   <element name="swap_item" layername="swap_item" frame="0" z_index="2" m_a="1.006843" m_b="0.000000" m_c="0.000000" m_d="0.982288" m_tx="0.000000" m_ty="0.000000"/>
   <element name="water_ripple" layername="water_ripple" frame="8" z_index="3" m_a="0.683075" m_b="0.000000" m_c="0.000000" m_d="0.873703" m_tx="-10.699000" m_ty="30.549999"/>
   <element name="water_shadow" layername="water_shadow" frame="0" z_index="4" m_a="0.494810" m_b="0.000000" m_c="0.000000" m_d="0.429552" m_tx="1.462121" m_ty="17.554546"/>
   <element name="water_shadow" layername="water_shadow" frame="1" z_index="5" m_a="0.630192" m_b="0.000000" m_c="0.000000" m_d="0.802967" m_tx="-0.299000" m_ty="42.080303"/>
   <element name="water_shadow" layername="water_shadow_2" frame="1" z_index="6" m_a="0.258120" m_b="0.000000" m_c="0.000000" m_d="0.310393" m_tx="-0.299000" m_ty="55.396969"/>
  </frame>
  <frame idx="900" w="430" h="326" x="-37.989460" y="-52.095650">
   <element name="swap_item" layername="swap_item" frame="0" z_index="2" m_a="1.006260" m_b="0.000000" m_c="0.000000" m_d="0.983826" m_tx="0.000000" m_ty="0.000000"/>
   <element name="water_ripple" layername="water_ripple" frame="9" z_index="3" m_a="0.683075" m_b="0.000000" m_c="0.000000" m_d="0.873703" m_tx="-10.699000" m_ty="30.549999"/>
   <element name="water_shadow" layername="water_shadow" frame="0" z_index="4" m_a="0.494995" m_b="0.000000" m_c="0.000000" m_d="0.433182" m_tx="1.500000" m_ty="17.100000"/>
   <element name="water_shadow" layername="water_shadow" frame="1" z_index="5" m_a="0.614990" m_b="0.000000" m_c="0.000000" m_d="0.782333" m_tx="-0.299000" m_ty="42.799999"/>
   <element name="water_shadow" layername="water_shadow_2" frame="1" z_index="6" m_a="0.241913" m_b="0.000000" m_c="0.000000" m_d="0.289551" m_tx="-0.299000" m_ty="55.700001"/>
  </frame>
  <frame idx="925" w="430" h="326" x="-37.989460" y="-52.132675">
   <element name="swap_item" layername="swap_item" frame="0" z_index="2" m_a="1.005672" m_b="0.000000" m_c="0.000000" m_d="0.985307" m_tx="0.000000" m_ty="0.000000"/>
   <element name="water_ripple" layername="water_ripple" frame="9" z_index="3" m_a="0.683075" m_b="0.000000" m_c="0.000000" m_d="0.873703" m_tx="-10.699000" m_ty="30.549999"/>
   <element name="water_shadow" layername="water_shadow" frame="0" z_index="4" m_a="0.495174" m_b="0.000000" m_c="0.000000" m_d="0.436694" m_tx="1.500000" m_ty="16.622059"/>
   <element name="water_shadow" layername="water_shadow" frame="1" z_index="5" m_a="0.600225" m_b="0.000000" m_c="0.000000" m_d="0.762306" m_tx="-0.299000" m_ty="43.535294"/>
   <element name="water_shadow" layername="water_shadow_2" frame="1" z_index="6" m_a="0.226194" m_b="0.000000" m_c="0.000000" m_d="0.269311" m_tx="-0.299000" m_ty="56.030884"/>
  </frame>
  <frame idx="950" w="411" h="327" x="-45.471893" y="-52.170593">
   <element name="swap_item" layername="swap_item" frame="0" z_index="2" m_a="1.005082" m_b="0.000000" m_c="0.000000" m_d="0.986824" m_tx="0.000000" m_ty="0.000000"/>
   <element name="water_ripple" layername="water_ripple" frame="10" z_index="3" m_a="0.683075" m_b="0.000000" m_c="0.000000" m_d="0.873703" m_tx="-10.699000" m_ty="30.549999"/>
   <element name="water_shadow" layername="water_shadow" frame="0" z_index="4" m_a="0.495350" m_b="0.000000" m_c="0.000000" m_d="0.440274" m_tx="1.500000" m_ty="16.134850"/>
   <element name="water_shadow" layername="water_shadow" frame="1" z_index="5" m_a="0.585181" m_b="0.000000" m_c="0.000000" m_d="0.741890" m_tx="-0.274758" m_ty="44.284847"/>
   <element name="water_shadow" layername="water_shadow_2" frame="1" z_index="6" m_a="0.210170" m_b="0.000000" m_c="0.000000" m_d="0.248685" m_tx="-0.299000" m_ty="56.343941"/>
  </frame>
  <frame idx="975" w="411" h="327" x="-45.471893" y="-52.208839">
   <element name="swap_item" layername="swap_item" frame="0" z_index="2" m_a="1.004493" m_b="0.000000" m_c="0.000000" m_d="0.988354" m_tx="0.000000" m_ty="0.000000"/>
   <element name="water_ripple" layername="water_ripple" frame="11" z_index="3" m_a="0.683075" m_b="0.000000" m_c="0.000000" m_d="0.873703" m_tx="-10.699000" m_ty="30.549999"/>
   <element name="water_shadow" layername="water_shadow" frame="0" z_index="4" m_a="0.495527" m_b="0.000000" m_c="0.000000" m_d="0.443895" m_tx="1.500000" m_ty="15.642425"/>
   <element name="water_shadow" layername="water_shadow" frame="1" z_index="5" m_a="0.569976" m_b="0.000000" m_c="0.000000" m_d="0.721252" m_tx="-0.261121" m_ty="45.042423"/>
   <element name="water_shadow" layername="water_shadow_2" frame="1" z_index="6" m_a="0.193972" m_b="0.000000" m_c="0.000000" m_d="0.227843" m_tx="-0.299000" m_ty="56.646969"/>
  </frame>
  <frame idx="1000" w="393" h="328" x="-33.965912" y="-52.246700">
   <element name="swap_item" layername="swap_item" frame="0" z_index="2" m_a="1.003910" m_b="0.000000" m_c="0.000000" m_d="0.989868" m_tx="0.000000" m_ty="0.000000"/>
   <element name="water_ripple" layername="water_ripple" frame="12" z_index="3" m_a="0.683075" m_b="0.000000" m_c="0.000000" m_d="0.873703" m_tx="-10.699000" m_ty="30.549999"/>
   <element name="water_shadow" layername="water_shadow" frame="0" z_index="4" m_a="0.495712" m_b="0.000000" m_c="0.000000" m_d="0.447525" m_tx="1.500000" m_ty="15.150000"/>
   <element name="water_shadow" layername="water_shadow" frame="1" z_index="5" m_a="0.554764" m_b="0.000000" m_c="0.000000" m_d="0.700607" m_tx="-0.299000" m_ty="45.799999"/>
   <element name="water_shadow" layername="water_shadow_2" frame="1" z_index="6" m_a="0.177765" m_b="0.000000" m_c="0.000000" m_d="0.207001" m_tx="-0.299000" m_ty="56.950001"/>
  </frame>
  <frame idx="1025" w="393" h="328" x="-33.966805" y="-52.284294">
   <element name="swap_item" layername="swap_item" frame="0" z_index="2" m_a="1.003322" m_b="0.000000" m_c="0.000000" m_d="0.991372" m_tx="0.000000" m_ty="0.000000"/>
   <element name="water_ripple" layername="water_ripple" frame="12" z_index="3" m_a="0.683075" m_b="0.000000" m_c="0.000000" m_d="0.873703" m_tx="-10.699000" m_ty="30.549999"/>
   <element name="water_shadow" layername="water_shadow" frame="0" z_index="4" m_a="0.495891" m_b="0.000000" m_c="0.000000" m_d="0.451037" m_tx="1.500000" m_ty="14.672059"/>
   <element name="water_shadow" layername="water_shadow" frame="1" z_index="5" m_a="0.540010" m_b="0.000000" m_c="0.000000" m_d="0.680580" m_tx="-0.299000" m_ty="46.608826"/>
   <element name="water_shadow" layername="water_shadow_2" frame="1" z_index="6" m_a="0.162046" m_b="0.000000" m_c="0.000000" m_d="0.186772" m_tx="-0.299000" m_ty="57.280884"/>
  </frame>
  <frame idx="1050" w="393" h="329" x="-33.967716" y="-52.322239">
   <element name="swap_item" layername="swap_item" frame="0" z_index="2" m_a="1.002742" m_b="0.000000" m_c="0.000000" m_d="0.992890" m_tx="0.000000" m_ty="0.000000"/>
   <element name="water_ripple" layername="water_ripple" frame="13" z_index="3" m_a="0.683075" m_b="0.000000" m_c="0.000000" m_d="0.873703" m_tx="-10.699000" m_ty="30.549999"/>
   <element name="water_shadow" layername="water_shadow" frame="0" z_index="4" m_a="0.496075" m_b="0.000000" m_c="0.000000" m_d="0.454617" m_tx="1.500000" m_ty="14.209091"/>
   <element name="water_shadow" layername="water_shadow" frame="1" z_index="5" m_a="0.524970" m_b="0.000000" m_c="0.000000" m_d="0.660164" m_tx="-0.299000" m_ty="47.384850"/>
   <element name="water_shadow" layername="water_shadow_2" frame="1" z_index="6" m_a="0.146022" m_b="0.000000" m_c="0.000000" m_d="0.166150" m_tx="-0.299000" m_ty="57.593941"/>
  </frame>
  <frame idx="1075" w="399" h="329" x="-34.456501" y="-52.360474">
   <element name="swap_item" layername="swap_item" frame="0" z_index="2" m_a="1.002158" m_b="0.000000" m_c="0.000000" m_d="0.994419" m_tx="0.000000" m_ty="0.000000"/>
   <element name="water_ripple" layername="water_ripple" frame="14" z_index="3" m_a="0.683075" m_b="0.000000" m_c="0.000000" m_d="0.873703" m_tx="-10.699000" m_ty="30.549999"/>
   <element name="water_shadow" layername="water_shadow" frame="0" z_index="4" m_a="0.496256" m_b="0.000000" m_c="0.000000" m_d="0.458235" m_tx="1.512121" m_ty="13.754545"/>
   <element name="water_shadow" layername="water_shadow" frame="1" z_index="5" m_a="0.509769" m_b="0.000000" m_c="0.000000" m_d="0.639530" m_tx="-0.299000" m_ty="48.142426"/>
   <element name="water_shadow" layername="water_shadow_2" frame="1" z_index="6" m_a="0.129827" m_b="0.000000" m_c="0.000000" m_d="0.145305" m_tx="-0.299000" m_ty="57.896969"/>
  </frame>
  <frame idx="1100" w="399" h="329" x="-34.419479" y="-52.398903">
   <element name="swap_item" layername="swap_item" frame="0" z_index="2" m_a="1.001560" m_b="0.000000" m_c="0.000000" m_d="0.995956" m_tx="0.000000" m_ty="0.000000"/>
   <element name="water_ripple" layername="water_ripple" frame="15" z_index="3" m_a="0.683075" m_b="0.000000" m_c="0.000000" m_d="0.873703" m_tx="-10.699000" m_ty="30.549999"/>
   <element name="water_shadow" layername="water_shadow" frame="0" z_index="4" m_a="0.496429" m_b="0.000000" m_c="0.000000" m_d="0.461853" m_tx="1.550000" m_ty="13.300000"/>
   <element name="water_shadow" layername="water_shadow" frame="1" z_index="5" m_a="0.494568" m_b="0.000000" m_c="0.000000" m_d="0.618896" m_tx="-0.299000" m_ty="48.900002"/>
   <element name="water_shadow" layername="water_shadow_2" frame="1" z_index="6" m_a="0.113632" m_b="0.000000" m_c="0.000000" m_d="0.124451" m_tx="-0.299000" m_ty="58.200001"/>
  </frame>
  <frame idx="1125" w="399" h="330" x="-34.420376" y="-52.435940">
   <element name="swap_item" layername="swap_item" frame="0" z_index="2" m_a="1.000972" m_b="0.000000" m_c="0.000000" m_d="0.997438" m_tx="0.000000" m_ty="0.000000"/>
   <element name="water_ripple" layername="water_ripple" frame="15" z_index="3" m_a="0.683075" m_b="0.000000" m_c="0.000000" m_d="0.873703" m_tx="-10.699000" m_ty="30.549999"/>
   <element name="water_shadow" layername="water_shadow" frame="0" z_index="4" m_a="0.496609" m_b="0.000000" m_c="0.000000" m_d="0.465376" m_tx="1.550000" m_ty="12.822059"/>
   <element name="water_shadow" layername="water_shadow" frame="1" z_index="5" m_a="0.479803" m_b="0.000000" m_c="0.000000" m_d="0.598858" m_tx="-0.299000" m_ty="49.635296"/>
   <element name="water_shadow" layername="water_shadow_2" frame="1" z_index="6" m_a="0.097902" m_b="0.000000" m_c="0.000000" m_d="0.104222" m_tx="-0.299000" m_ty="58.530884"/>
  </frame>
  <frame idx="1150" w="405" h="330" x="-34.921288" y="-52.473869">
   <element name="swap_item" layername="swap_item" frame="0" z_index="2" m_a="1.000391" m_b="0.000000" m_c="0.000000" m_d="0.998955" m_tx="0.000000" m_ty="0.000000"/>
   <element name="water_ripple" layername="water_ripple" frame="16" z_index="3" m_a="0.683075" m_b="0.000000" m_c="0.000000" m_d="0.873703" m_tx="-10.699000" m_ty="30.549999"/>
   <element name="water_shadow" layername="water_shadow" frame="0" z_index="4" m_a="0.496792" m_b="0.000000" m_c="0.000000" m_d="0.468960" m_tx="1.550000" m_ty="12.262121"/>
   <element name="water_shadow" layername="water_shadow" frame="1" z_index="5" m_a="0.464759" m_b="0.000000" m_c="0.000000" m_d="0.578438" m_tx="-0.299000" m_ty="50.384850"/>
   <element name="water_shadow" layername="water_shadow_2" frame="1" z_index="6" m_a="0.081874" m_b="0.000000" m_c="0.000000" m_d="0.083600" m_tx="-0.299000" m_ty="58.843941"/>
  </frame>
  <frame idx="1175" w="405" h="330" x="-34.921913" y="-52.500000">
   <element name="swap_item" layername="swap_item" frame="0" z_index="2" m_a="1.000000" m_b="0.000000" m_c="0.000000" m_d="1.000000" m_tx="0.000000" m_ty="0.000000"/>
   <element name="water_ripple" layername="water_ripple" frame="17" z_index="3" m_a="0.683075" m_b="0.000000" m_c="0.000000" m_d="0.873703" m_tx="-10.699000" m_ty="30.549999"/>
   <element name="water_shadow" layername="water_shadow" frame="0" z_index="4" m_a="0.496918" m_b="0.000000" m_c="0.000000" m_d="0.471420" m_tx="1.550000" m_ty="11.850000"/>
   <element name="water_shadow" layername="water_shadow" frame="1" z_index="5" m_a="0.454422" m_b="0.000000" m_c="0.000000" m_d="0.564407" m_tx="-0.299000" m_ty="50.900002"/>
   <element name="water_shadow" layername="water_shadow_2" frame="1" z_index="6" m_a="0.070862" m_b="0.000000" m_c="0.000000" m_d="0.069428" m_tx="-0.299000" m_ty="59.049999"/>
  </frame>
 </anim>
</Anims>
