<Anims>
 <anim name="anim_90s" root="FORCEEXPORT/head" numframes="50" framerate="40">
  <frame idx="0" w="77" h="71" x="-16.248489" y="-6.573483">
   <element name="face" layername="face" frame="0" z_index="0" m_a="1.000000" m_b="0.000000" m_c="0.000000" m_d="1.000000" m_tx="-9.949000" m_ty="-0.549000"/>
  </frame>
  <frame idx="25" w="77" h="74" x="-13.286370" y="-5.859183">
   <element name="face" layername="face" frame="0" z_index="0" m_a="1.000000" m_b="0.000000" m_c="0.000000" m_d="1.000000" m_tx="-6.986882" m_ty="0.665300"/>
  </frame>
 </anim>
</Anims>
