<Anims>
 <anim name="dead" root="mutantrangerhive" numframes="300" framerate="40">
  <frame idx="0" w="841" h="808" x="-54.426109" y="-223.778503">
   <element name="beehive_01" layername="beehive" frame="1" z_index="3" m_a="1.000000" m_b="0.000000" m_c="0.000000" m_d="1.000000" m_tx="16.650000" m_ty="3.400000"/>
  </frame>
  <frame idx="25" w="841" h="808" x="-54.426109" y="-223.778503">
   <element name="beehive_01" layername="beehive" frame="1" z_index="3" m_a="1.000000" m_b="0.000000" m_c="0.000000" m_d="1.000000" m_tx="16.650000" m_ty="3.400000"/>
  </frame>
  <frame idx="50" w="841" h="808" x="-54.426109" y="-223.778503">
   <element name="beehive_01" layername="beehive" frame="1" z_index="3" m_a="1.000000" m_b="0.000000" m_c="0.000000" m_d="1.000000" m_tx="16.650000" m_ty="3.400000"/>
  </frame>
  <frame idx="75" w="841" h="808" x="-54.426109" y="-223.778503">
   <element name="beehive_01" layername="beehive" frame="1" z_index="3" m_a="1.000000" m_b="0.000000" m_c="0.000000" m_d="1.000000" m_tx="16.650000" m_ty="3.400000"/>
  </frame>
  <frame idx="100" w="841" h="808" x="-54.426109" y="-223.778503">
   <element name="beehive_01" layername="beehive" frame="1" z_index="3" m_a="1.000000" m_b="0.000000" m_c="0.000000" m_d="1.000000" m_tx="16.650000" m_ty="3.400000"/>
  </frame>
  <frame idx="125" w="841" h="808" x="-54.426109" y="-223.778503">
   <element name="beehive_01" layername="beehive" frame="1" z_index="3" m_a="1.000000" m_b="0.000000" m_c="0.000000" m_d="1.000000" m_tx="16.650000" m_ty="3.400000"/>
  </frame>
  <frame idx="150" w="841" h="808" x="-54.426109" y="-223.778503">
   <element name="beehive_01" layername="beehive" frame="1" z_index="3" m_a="1.000000" m_b="0.000000" m_c="0.000000" m_d="1.000000" m_tx="16.650000" m_ty="3.400000"/>
  </frame>
  <frame idx="175" w="841" h="808" x="-54.426109" y="-223.778503">
   <element name="beehive_01" layername="beehive" frame="1" z_index="3" m_a="1.000000" m_b="0.000000" m_c="0.000000" m_d="1.000000" m_tx="16.650000" m_ty="3.400000"/>
  </frame>
  <frame idx="200" w="841" h="808" x="-54.426109" y="-223.778503">
   <element name="beehive_01" layername="beehive" frame="1" z_index="3" m_a="1.000000" m_b="0.000000" m_c="0.000000" m_d="1.000000" m_tx="16.650000" m_ty="3.400000"/>
  </frame>
  <frame idx="225" w="841" h="808" x="-54.426109" y="-223.778503">
   <element name="beehive_01" layername="beehive" frame="1" z_index="3" m_a="1.000000" m_b="0.000000" m_c="0.000000" m_d="1.000000" m_tx="16.650000" m_ty="3.400000"/>
  </frame>
  <frame idx="250" w="841" h="808" x="-54.426109" y="-223.778503">
   <element name="beehive_01" layername="beehive" frame="1" z_index="3" m_a="1.000000" m_b="0.000000" m_c="0.000000" m_d="1.000000" m_tx="16.650000" m_ty="3.400000"/>
  </frame>
  <frame idx="275" w="841" h="808" x="-54.426109" y="-223.778503">
   <element name="beehive_01" layername="beehive" frame="1" z_index="3" m_a="1.000000" m_b="0.000000" m_c="0.000000" m_d="1.000000" m_tx="16.650000" m_ty="3.400000"/>
  </frame>
 </anim>
 <anim name="idle" root="mutantrangerhive" numframes="25" framerate="40">
  <frame idx="0" w="1200" h="1348" x="-86.055992" y="-441.436157">
   <element name="beehive_01" layername="beehive" frame="0" z_index="3" m_a="1.000000" m_b="0.000000" m_c="0.000000" m_d="1.000000" m_tx="16.650000" m_ty="3.400000"/>
  </frame>
 </anim>
 <anim name="hit" root="mutantrangerhive" numframes="550" framerate="40">
  <frame idx="0" w="1200" h="1348" x="-86.055992" y="-441.436157">
   <element name="beehive_01" layername="beehive" frame="0" z_index="3" m_a="1.000000" m_b="0.000000" m_c="0.000000" m_d="1.000000" m_tx="16.650000" m_ty="3.400000"/>
  </frame>
  <frame idx="25" w="1200" h="1348" x="-86.055992" y="-441.436157">
   <element name="beehive_01" layername="beehive" frame="0" z_index="3" m_a="1.000000" m_b="0.000000" m_c="0.000000" m_d="1.000000" m_tx="16.650000" m_ty="3.400000"/>
  </frame>
  <frame idx="50" w="1200" h="1348" x="-86.055992" y="-441.436157">
   <element name="beehive_01" layername="beehive" frame="0" z_index="3" m_a="1.000000" m_b="0.000000" m_c="0.000000" m_d="1.000000" m_tx="16.650000" m_ty="3.400000"/>
  </frame>
  <frame idx="75" w="1200" h="1348" x="-86.055992" y="-441.436157">
   <element name="beehive_01" layername="beehive" frame="0" z_index="3" m_a="1.000000" m_b="0.000000" m_c="0.000000" m_d="1.000000" m_tx="16.650000" m_ty="3.400000"/>
  </frame>
  <frame idx="100" w="1200" h="1348" x="-86.055992" y="-441.436157">
   <element name="beehive_01" layername="beehive" frame="0" z_index="3" m_a="1.000000" m_b="0.000000" m_c="0.000000" m_d="1.000000" m_tx="16.650000" m_ty="3.400000"/>
  </frame>
  <frame idx="125" w="1197" h="1355" x="-84.614357" y="-441.944763">
   <element name="beehive_01" layername="beehive" frame="0" z_index="3" m_a="0.999991" m_b="0.004338" m_c="-0.004338" m_d="0.999991" m_tx="16.650000" m_ty="3.400000"/>
  </frame>
  <frame idx="150" w="1193" h="1361" x="-82.837608" y="-442.447144">
   <element name="beehive_01" layername="beehive" frame="0" z_index="3" m_a="0.999969" m_b="0.007888" m_c="-0.007888" m_d="0.999969" m_tx="16.746969" m_ty="3.400000"/>
  </frame>
  <frame idx="175" w="1191" h="1366" x="-81.784523" y="-442.946106">
   <element name="beehive_01" layername="beehive" frame="0" z_index="3" m_a="0.999943" m_b="0.010673" m_c="-0.010673" m_d="0.999943" m_tx="16.874243" m_ty="3.400000"/>
  </frame>
  <frame idx="200" w="1188" h="1370" x="-80.510056" y="-443.443604">
   <element name="beehive_01" layername="beehive" frame="0" z_index="3" m_a="0.999918" m_b="0.012775" m_c="-0.012775" m_d="0.999918" m_tx="16.950001" m_ty="3.400000"/>
  </frame>
  <frame idx="225" w="1204" h="1343" x="-88.027565" y="-440.925262">
   <element name="beehive_01" layername="beehive" frame="0" z_index="3" m_a="0.999994" m_b="-0.003339" m_c="0.003339" m_d="0.999994" m_tx="16.288235" m_ty="3.400000"/>
  </frame>
  <frame idx="250" w="1210" h="1331" x="-91.015488" y="-439.892242">
   <element name="beehive_01" layername="beehive" frame="0" z_index="3" m_a="0.999950" m_b="-0.010036" m_c="0.010036" m_d="0.999950" m_tx="16.025757" m_ty="3.400000"/>
  </frame>
  <frame idx="275" w="1211" h="1329" x="-91.570595" y="-439.882690">
   <element name="beehive_01" layername="beehive" frame="0" z_index="3" m_a="0.999933" m_b="-0.011556" m_c="0.011556" m_d="0.999933" m_tx="15.975758" m_ty="3.400000"/>
  </frame>
  <frame idx="300" w="1214" h="1326" x="-92.736275" y="-439.370544">
   <element name="beehive_01" layername="beehive" frame="0" z_index="3" m_a="0.999911" m_b="-0.013331" m_c="0.013331" m_d="0.999911" m_tx="15.900000" m_ty="3.400000"/>
  </frame>
  <frame idx="325" w="1204" h="1343" x="-87.946442" y="-440.925995">
   <element name="beehive_01" layername="beehive" frame="0" z_index="3" m_a="0.999995" m_b="-0.003144" m_c="0.003144" m_d="0.999995" m_tx="16.304413" m_ty="3.400000"/>
  </frame>
  <frame idx="350" w="1199" h="1353" x="-85.321396" y="-441.941925">
   <element name="beehive_01" layername="beehive" frame="0" z_index="3" m_a="0.999997" m_b="0.002520" m_c="-0.002520" m_d="0.999997" m_tx="16.546970" m_ty="3.400000"/>
  </frame>
  <frame idx="375" w="1198" h="1354" x="-84.887161" y="-441.943604">
   <element name="beehive_01" layername="beehive" frame="0" z_index="3" m_a="0.999994" m_b="0.003517" m_c="-0.003517" m_d="0.999994" m_tx="16.650000" m_ty="3.400000"/>
  </frame>
  <frame idx="400" w="1200" h="1348" x="-86.055992" y="-441.436157">
   <element name="beehive_01" layername="beehive" frame="0" z_index="3" m_a="1.000000" m_b="0.000000" m_c="0.000000" m_d="1.000000" m_tx="16.650000" m_ty="3.400000"/>
  </frame>
  <frame idx="425" w="1200" h="1348" x="-86.055992" y="-441.436157">
   <element name="beehive_01" layername="beehive" frame="0" z_index="3" m_a="1.000000" m_b="0.000000" m_c="0.000000" m_d="1.000000" m_tx="16.650000" m_ty="3.400000"/>
  </frame>
  <frame idx="450" w="1200" h="1348" x="-86.055992" y="-441.436157">
   <element name="beehive_01" layername="beehive" frame="0" z_index="3" m_a="1.000000" m_b="0.000000" m_c="0.000000" m_d="1.000000" m_tx="16.650000" m_ty="3.400000"/>
  </frame>
  <frame idx="475" w="1200" h="1348" x="-86.055992" y="-441.436157">
   <element name="beehive_01" layername="beehive" frame="0" z_index="3" m_a="1.000000" m_b="0.000000" m_c="0.000000" m_d="1.000000" m_tx="16.650000" m_ty="3.400000"/>
  </frame>
  <frame idx="500" w="1200" h="1348" x="-86.055992" y="-441.436157">
   <element name="beehive_01" layername="beehive" frame="0" z_index="3" m_a="1.000000" m_b="0.000000" m_c="0.000000" m_d="1.000000" m_tx="16.650000" m_ty="3.400000"/>
  </frame>
  <frame idx="525" w="1200" h="1348" x="-86.055992" y="-441.436157">
   <element name="beehive_01" layername="beehive" frame="0" z_index="3" m_a="1.000000" m_b="0.000000" m_c="0.000000" m_d="1.000000" m_tx="16.650000" m_ty="3.400000"/>
  </frame>
 </anim>
</Anims>
