<Anims>
 <anim name="anim" root="status_meter_symbiosis" numframes="5350" framerate="40">
  <frame idx="0" w="76" h="76" x="-6.500000" y="-6.500000">
   <element name="level" layername="level" frame="0" z_index="7" m_a="0.866669" m_b="0.000000" m_c="0.000000" m_d="0.866669" m_tx="0.000000" m_ty="0.000000"/>
  </frame>
  <frame idx="25" w="76" h="76" x="-6.500000" y="-6.627461">
   <element name="level" layername="level" frame="0" z_index="7" m_a="0.866669" m_b="0.000000" m_c="0.000000" m_d="0.866669" m_tx="0.000000" m_ty="-0.127461"/>
  </frame>
  <frame idx="50" w="76" h="76" x="-6.500000" y="-6.573519">
   <element name="level" layername="level" frame="1" z_index="7" m_a="0.866669" m_b="0.000000" m_c="0.000000" m_d="0.866669" m_tx="0.000000" m_ty="-0.246867"/>
  </frame>
  <frame idx="75" w="76" h="76" x="-6.500000" y="-6.536774">
   <element name="level" layername="level" frame="2" z_index="7" m_a="0.866669" m_b="0.000000" m_c="0.000000" m_d="0.866669" m_tx="0.000000" m_ty="-0.361755"/>
  </frame>
  <frame idx="100" w="76" h="76" x="-6.500000" y="-6.500000">
   <element name="level" layername="level" frame="3" z_index="7" m_a="0.866669" m_b="0.000000" m_c="0.000000" m_d="0.866669" m_tx="0.000000" m_ty="-0.476674"/>
  </frame>
  <frame idx="125" w="76" h="76" x="-6.500000" y="-6.627461">
   <element name="level" layername="level" frame="3" z_index="7" m_a="0.866669" m_b="0.000000" m_c="0.000000" m_d="0.866669" m_tx="0.000000" m_ty="-0.604136"/>
  </frame>
  <frame idx="150" w="76" h="76" x="-6.500000" y="-6.584018">
   <element name="level" layername="level" frame="4" z_index="7" m_a="0.866669" m_b="0.000000" m_c="0.000000" m_d="0.866669" m_tx="0.000000" m_ty="-0.734040"/>
  </frame>
  <frame idx="175" w="76" h="76" x="-6.500000" y="-6.536774">
   <element name="level" layername="level" frame="5" z_index="7" m_a="0.866669" m_b="0.000000" m_c="0.000000" m_d="0.866669" m_tx="0.000000" m_ty="-0.860083"/>
  </frame>
  <frame idx="200" w="76" h="76" x="-6.500000" y="-6.500000">
   <element name="level" layername="level" frame="6" z_index="7" m_a="0.866669" m_b="0.000000" m_c="0.000000" m_d="0.866669" m_tx="0.000000" m_ty="-0.975003"/>
  </frame>
  <frame idx="225" w="76" h="76" x="-6.500000" y="-6.627461">
   <element name="level" layername="level" frame="6" z_index="7" m_a="0.866669" m_b="0.000000" m_c="0.000000" m_d="0.866669" m_tx="0.000000" m_ty="-1.102464"/>
  </frame>
  <frame idx="250" w="76" h="76" x="-6.500000" y="-6.573519">
   <element name="level" layername="level" frame="7" z_index="7" m_a="0.866669" m_b="0.000000" m_c="0.000000" m_d="0.866669" m_tx="0.000000" m_ty="-1.221869"/>
  </frame>
  <frame idx="275" w="76" h="76" x="-6.500000" y="-6.557468">
   <element name="level" layername="level" frame="8" z_index="7" m_a="0.866669" m_b="0.000000" m_c="0.000000" m_d="0.866669" m_tx="0.000000" m_ty="-1.357452"/>
  </frame>
  <frame idx="300" w="76" h="71" x="-6.500000" y="-6.000002">
   <element name="level" layername="level" frame="9" z_index="7" m_a="0.866669" m_b="0.000000" m_c="0.000000" m_d="0.866669" m_tx="0.000000" m_ty="-1.451648"/>
  </frame>
  <frame idx="325" w="76" h="72" x="-6.500000" y="-6.127490">
   <element name="level" layername="level" frame="9" z_index="7" m_a="0.866669" m_b="0.000000" m_c="0.000000" m_d="0.866669" m_tx="0.000000" m_ty="-1.579136"/>
  </frame>
  <frame idx="350" w="76" h="72" x="-6.500000" y="-6.084037">
   <element name="level" layername="level" frame="10" z_index="7" m_a="0.866669" m_b="0.000000" m_c="0.000000" m_d="0.866669" m_tx="0.000000" m_ty="-1.709068"/>
  </frame>
  <frame idx="375" w="76" h="71" x="-6.500000" y="-6.036761">
   <element name="level" layername="level" frame="11" z_index="7" m_a="0.866669" m_b="0.000000" m_c="0.000000" m_d="0.866669" m_tx="0.000000" m_ty="-1.835117"/>
  </frame>
  <frame idx="400" w="76" h="71" x="-6.500000" y="-6.000001">
   <element name="level" layername="level" frame="12" z_index="7" m_a="0.866669" m_b="0.000000" m_c="0.000000" m_d="0.866669" m_tx="0.000000" m_ty="-1.949993"/>
  </frame>
  <frame idx="425" w="76" h="72" x="-6.500000" y="-6.111540">
   <element name="level" layername="level" frame="12" z_index="7" m_a="0.866669" m_b="0.000000" m_c="0.000000" m_d="0.866669" m_tx="0.000000" m_ty="-2.061532"/>
  </frame>
  <frame idx="450" w="76" h="72" x="-6.500000" y="-6.084037">
   <element name="level" layername="level" frame="13" z_index="7" m_a="0.866669" m_b="0.000000" m_c="0.000000" m_d="0.866669" m_tx="0.000000" m_ty="-2.185722"/>
  </frame>
  <frame idx="475" w="76" h="71" x="-6.500000" y="-6.042018">
   <element name="level" layername="level" frame="14" z_index="7" m_a="0.866669" m_b="0.000000" m_c="0.000000" m_d="0.866669" m_tx="0.000000" m_ty="-2.317028"/>
  </frame>
  <frame idx="500" w="76" h="71" x="-6.500000" y="-6.000000">
   <element name="level" layername="level" frame="15" z_index="7" m_a="0.866669" m_b="0.000000" m_c="0.000000" m_d="0.866669" m_tx="0.000000" m_ty="-2.448334"/>
  </frame>
  <frame idx="525" w="76" h="72" x="-6.500000" y="-6.111539">
   <element name="level" layername="level" frame="15" z_index="7" m_a="0.866669" m_b="0.000000" m_c="0.000000" m_d="0.866669" m_tx="0.000000" m_ty="-2.559873"/>
  </frame>
  <frame idx="550" w="76" h="72" x="-6.500000" y="-6.073521">
   <element name="level" layername="level" frame="16" z_index="7" m_a="0.866669" m_b="0.000000" m_c="0.000000" m_d="0.866669" m_tx="0.000000" m_ty="-2.673548"/>
  </frame>
  <frame idx="575" w="76" h="71" x="-6.500000" y="-6.042018">
   <element name="level" layername="level" frame="17" z_index="7" m_a="0.866669" m_b="0.000000" m_c="0.000000" m_d="0.866669" m_tx="0.000000" m_ty="-2.793682"/>
  </frame>
  <frame idx="600" w="76" h="71" x="-6.500000" y="-6.000000">
   <element name="level" layername="level" frame="18" z_index="7" m_a="0.866669" m_b="0.000000" m_c="0.000000" m_d="0.866669" m_tx="0.000000" m_ty="-2.924988"/>
  </frame>
  <frame idx="625" w="76" h="72" x="-6.500000" y="-6.269838">
   <element name="level" layername="level" frame="18" z_index="7" m_a="0.866669" m_b="0.000000" m_c="0.000000" m_d="0.866669" m_tx="0.000000" m_ty="-3.194826"/>
  </frame>
  <frame idx="650" w="76" h="68" x="-6.500000" y="-6.073551">
   <element name="level" layername="level" frame="19" z_index="7" m_a="0.866669" m_b="0.000000" m_c="0.000000" m_d="0.866669" m_tx="0.000000" m_ty="-3.171874"/>
  </frame>
  <frame idx="675" w="76" h="68" x="-6.500000" y="-6.042020">
   <element name="level" layername="level" frame="20" z_index="7" m_a="0.866669" m_b="0.000000" m_c="0.000000" m_d="0.866669" m_tx="0.000000" m_ty="-3.292042"/>
  </frame>
  <frame idx="700" w="76" h="68" x="-6.500000" y="-6.000000">
   <element name="level" layername="level" frame="21" z_index="7" m_a="0.866669" m_b="0.000000" m_c="0.000000" m_d="0.866669" m_tx="0.000000" m_ty="-3.423357"/>
  </frame>
  <frame idx="725" w="76" h="68" x="-6.500000" y="-6.111505">
   <element name="level" layername="level" frame="21" z_index="7" m_a="0.866669" m_b="0.000000" m_c="0.000000" m_d="0.866669" m_tx="0.000000" m_ty="-3.534861"/>
  </frame>
  <frame idx="750" w="76" h="68" x="-6.500000" y="-6.073553">
   <element name="level" layername="level" frame="22" z_index="7" m_a="0.866669" m_b="0.000000" m_c="0.000000" m_d="0.866669" m_tx="0.000000" m_ty="-3.648556"/>
  </frame>
  <frame idx="775" w="76" h="68" x="-6.500000" y="-6.042020">
   <element name="level" layername="level" frame="23" z_index="7" m_a="0.866669" m_b="0.000000" m_c="0.000000" m_d="0.866669" m_tx="0.000000" m_ty="-3.768726"/>
  </frame>
  <frame idx="800" w="76" h="68" x="-6.500000" y="-6.000000">
   <element name="level" layername="level" frame="24" z_index="7" m_a="0.866669" m_b="0.000000" m_c="0.000000" m_d="0.866669" m_tx="0.000000" m_ty="-3.900037"/>
  </frame>
  <frame idx="825" w="76" h="68" x="-6.500000" y="-6.127411">
   <element name="level" layername="level" frame="24" z_index="7" m_a="0.866669" m_b="0.000000" m_c="0.000000" m_d="0.866669" m_tx="0.000000" m_ty="-4.027448"/>
  </frame>
  <frame idx="850" w="76" h="68" x="-6.500000" y="-6.073553">
   <element name="level" layername="level" frame="25" z_index="7" m_a="0.866669" m_b="0.000000" m_c="0.000000" m_d="0.866669" m_tx="0.000000" m_ty="-4.146868"/>
  </frame>
  <frame idx="875" w="76" h="68" x="-6.500000" y="-6.036763">
   <element name="level" layername="level" frame="26" z_index="7" m_a="0.866669" m_b="0.000000" m_c="0.000000" m_d="0.866669" m_tx="0.000000" m_ty="-4.261781"/>
  </frame>
  <frame idx="900" w="76" h="68" x="-6.500000" y="-6.000000">
   <element name="level" layername="level" frame="27" z_index="7" m_a="0.866669" m_b="0.000000" m_c="0.000000" m_d="0.866669" m_tx="0.000000" m_ty="-4.376665"/>
  </frame>
  <frame idx="925" w="76" h="68" x="-6.500000" y="-6.127452">
   <element name="level" layername="level" frame="27" z_index="7" m_a="0.866669" m_b="0.000000" m_c="0.000000" m_d="0.866669" m_tx="0.000000" m_ty="-4.504117"/>
  </frame>
  <frame idx="950" w="76" h="68" x="-6.500000" y="-6.084041">
   <element name="level" layername="level" frame="28" z_index="7" m_a="0.866669" m_b="0.000000" m_c="0.000000" m_d="0.866669" m_tx="0.000000" m_ty="-4.634040"/>
  </frame>
  <frame idx="975" w="76" h="68" x="-6.500000" y="-6.115559">
   <element name="level" layername="level" frame="29" z_index="7" m_a="0.866669" m_b="0.000000" m_c="0.000000" m_d="0.866669" m_tx="0.000000" m_ty="-4.838892"/>
  </frame>
  <frame idx="1000" w="76" h="64" x="-6.500000" y="-5.500000">
   <element name="level" layername="level" frame="30" z_index="7" m_a="0.866669" m_b="0.000000" m_c="0.000000" m_d="0.866669" m_tx="0.000000" m_ty="-4.875013"/>
  </frame>
  <frame idx="1025" w="76" h="64" x="-6.500000" y="-5.611532">
   <element name="level" layername="level" frame="30" z_index="7" m_a="0.866669" m_b="0.000000" m_c="0.000000" m_d="0.866669" m_tx="0.000000" m_ty="-4.986546"/>
  </frame>
  <frame idx="1050" w="76" h="64" x="-6.500000" y="-5.584034">
   <element name="level" layername="level" frame="31" z_index="7" m_a="0.866669" m_b="0.000000" m_c="0.000000" m_d="0.866669" m_tx="0.000000" m_ty="-5.110730"/>
  </frame>
  <frame idx="1075" w="76" h="64" x="-6.500000" y="-5.542017">
   <element name="level" layername="level" frame="32" z_index="7" m_a="0.866669" m_b="0.000000" m_c="0.000000" m_d="0.866669" m_tx="0.000000" m_ty="-5.242031"/>
  </frame>
  <frame idx="1100" w="76" h="64" x="-6.500000" y="-5.499998">
   <element name="level" layername="level" frame="33" z_index="7" m_a="0.866669" m_b="0.000000" m_c="0.000000" m_d="0.866669" m_tx="0.000000" m_ty="-5.373330"/>
  </frame>
  <frame idx="1125" w="76" h="64" x="-6.500000" y="-5.611530">
   <element name="level" layername="level" frame="33" z_index="7" m_a="0.866669" m_b="0.000000" m_c="0.000000" m_d="0.866669" m_tx="0.000000" m_ty="-5.484862"/>
  </frame>
  <frame idx="1150" w="76" h="64" x="-6.500000" y="-5.584032">
   <element name="level" layername="level" frame="34" z_index="7" m_a="0.866669" m_b="0.000000" m_c="0.000000" m_d="0.866669" m_tx="0.000000" m_ty="-5.609047"/>
  </frame>
  <frame idx="1175" w="76" h="64" x="-6.500000" y="-5.535690">
   <element name="level" layername="level" frame="35" z_index="7" m_a="0.866669" m_b="0.000000" m_c="0.000000" m_d="0.866669" m_tx="0.000000" m_ty="-5.734023"/>
  </frame>
  <frame idx="1200" w="76" h="64" x="-6.500000" y="-5.647222">
   <element name="level" layername="level" frame="35" z_index="7" m_a="0.866669" m_b="0.000000" m_c="0.000000" m_d="0.866669" m_tx="0.000000" m_ty="-5.845555"/>
  </frame>
  <frame idx="1225" w="76" h="64" x="-6.500000" y="-5.610317">
   <element name="level" layername="level" frame="36" z_index="7" m_a="0.866669" m_b="0.000000" m_c="0.000000" m_d="0.866669" m_tx="0.000000" m_ty="-5.960332"/>
  </frame>
  <frame idx="1250" w="76" h="64" x="-6.500000" y="-5.584033">
   <element name="level" layername="level" frame="37" z_index="7" m_a="0.866669" m_b="0.000000" m_c="0.000000" m_d="0.866669" m_tx="0.000000" m_ty="-6.085732"/>
  </frame>
  <frame idx="1275" w="76" h="64" x="-6.500000" y="-5.540780">
   <element name="level" layername="level" frame="38" z_index="7" m_a="0.866669" m_b="0.000000" m_c="0.000000" m_d="0.866669" m_tx="0.000000" m_ty="-6.215796"/>
  </frame>
  <frame idx="1300" w="76" h="64" x="-6.500000" y="-5.668220">
   <element name="level" layername="level" frame="38" z_index="7" m_a="0.866669" m_b="0.000000" m_c="0.000000" m_d="0.866669" m_tx="0.000000" m_ty="-6.343236"/>
  </frame>
  <frame idx="1325" w="76" h="64" x="-6.500000" y="-5.610314">
   <element name="level" layername="level" frame="39" z_index="7" m_a="0.866669" m_b="0.000000" m_c="0.000000" m_d="0.866669" m_tx="0.000000" m_ty="-6.458649"/>
  </frame>
  <frame idx="1350" w="76" h="64" x="-6.500000" y="-5.803908">
   <element name="level" layername="level" frame="40" z_index="7" m_a="0.866669" m_b="0.000000" m_c="0.000000" m_d="0.866669" m_tx="0.000000" m_ty="-6.803926"/>
  </frame>
  <frame idx="1375" w="76" h="59" x="-6.500000" y="-5.040779">
   <element name="level" layername="level" frame="41" z_index="7" m_a="0.866669" m_b="0.000000" m_c="0.000000" m_d="0.866669" m_tx="0.000000" m_ty="-6.692486"/>
  </frame>
  <frame idx="1400" w="76" h="59" x="-6.500000" y="-5.168214">
   <element name="level" layername="level" frame="41" z_index="7" m_a="0.866669" m_b="0.000000" m_c="0.000000" m_d="0.866669" m_tx="0.000000" m_ty="-6.819921"/>
  </frame>
  <frame idx="1425" w="76" h="59" x="-6.500000" y="-5.126045">
   <element name="level" layername="level" frame="42" z_index="7" m_a="0.866669" m_b="0.000000" m_c="0.000000" m_d="0.866669" m_tx="0.000000" m_ty="-6.951064"/>
  </frame>
  <frame idx="1450" w="76" h="59" x="-6.500000" y="-5.073535">
   <element name="level" layername="level" frame="43" z_index="7" m_a="0.866669" m_b="0.000000" m_c="0.000000" m_d="0.866669" m_tx="0.000000" m_ty="-7.071865"/>
  </frame>
  <frame idx="1475" w="76" h="59" x="-6.500000" y="-5.035685">
   <element name="level" layername="level" frame="44" z_index="7" m_a="0.866669" m_b="0.000000" m_c="0.000000" m_d="0.866669" m_tx="0.000000" m_ty="-7.185684"/>
  </frame>
  <frame idx="1500" w="76" h="59" x="-6.500000" y="-5.147205">
   <element name="level" layername="level" frame="44" z_index="7" m_a="0.866669" m_b="0.000000" m_c="0.000000" m_d="0.866669" m_tx="0.000000" m_ty="-7.297204"/>
  </frame>
  <frame idx="1525" w="76" h="59" x="-6.500000" y="-5.126081">
   <element name="level" layername="level" frame="45" z_index="7" m_a="0.866669" m_b="0.000000" m_c="0.000000" m_d="0.866669" m_tx="0.000000" m_ty="-7.427746"/>
  </frame>
  <frame idx="1550" w="76" h="59" x="-6.500000" y="-5.084031">
   <element name="level" layername="level" frame="46" z_index="7" m_a="0.866669" m_b="0.000000" m_c="0.000000" m_d="0.866669" m_tx="0.000000" m_ty="-7.559057"/>
  </frame>
  <frame idx="1575" w="76" h="59" x="-6.500000" y="-5.035686">
   <element name="level" layername="level" frame="47" z_index="7" m_a="0.866669" m_b="0.000000" m_c="0.000000" m_d="0.866669" m_tx="0.000000" m_ty="-7.684027"/>
  </frame>
  <frame idx="1600" w="76" h="59" x="-6.500000" y="-5.147203">
   <element name="level" layername="level" frame="47" z_index="7" m_a="0.866669" m_b="0.000000" m_c="0.000000" m_d="0.866669" m_tx="0.000000" m_ty="-7.795545"/>
  </frame>
  <frame idx="1625" w="76" h="59" x="-6.500000" y="-5.126084">
   <element name="level" layername="level" frame="48" z_index="7" m_a="0.866669" m_b="0.000000" m_c="0.000000" m_d="0.866669" m_tx="0.000000" m_ty="-7.926088"/>
  </frame>
  <frame idx="1650" w="76" h="59" x="-6.500000" y="-5.073536">
   <element name="level" layername="level" frame="49" z_index="7" m_a="0.866669" m_b="0.000000" m_c="0.000000" m_d="0.866669" m_tx="0.000000" m_ty="-8.046905"/>
  </frame>
  <frame idx="1675" w="76" h="59" x="-6.500000" y="-5.185487">
   <element name="level" layername="level" frame="50" z_index="7" m_a="0.866669" m_b="0.000000" m_c="0.000000" m_d="0.866669" m_tx="0.000000" m_ty="-8.310526"/>
  </frame>
  <frame idx="1700" w="76" h="61" x="-6.500000" y="-6.265141">
   <element name="level" layername="level" frame="50" z_index="7" m_a="0.866669" m_b="0.000000" m_c="0.000000" m_d="0.866669" m_tx="0.000000" m_ty="-8.890180"/>
  </frame>
  <frame idx="1725" w="76" h="56" x="-6.500000" y="-5.126057">
   <element name="level" layername="level" frame="51" z_index="7" m_a="0.866669" m_b="0.000000" m_c="0.000000" m_d="0.866669" m_tx="0.000000" m_ty="-8.402752"/>
  </frame>
  <frame idx="1750" w="76" h="56" x="-6.500000" y="-5.084037">
   <element name="level" layername="level" frame="52" z_index="7" m_a="0.866669" m_b="0.000000" m_c="0.000000" m_d="0.866669" m_tx="0.000000" m_ty="-8.534060"/>
  </frame>
  <frame idx="1775" w="76" h="56" x="-6.500000" y="-5.035692">
   <element name="level" layername="level" frame="53" z_index="7" m_a="0.866669" m_b="0.000000" m_c="0.000000" m_d="0.866669" m_tx="0.000000" m_ty="-8.659042"/>
  </frame>
  <frame idx="1800" w="76" h="56" x="-6.500000" y="-5.147232">
   <element name="level" layername="level" frame="53" z_index="7" m_a="0.866669" m_b="0.000000" m_c="0.000000" m_d="0.866669" m_tx="0.000000" m_ty="-8.770582"/>
  </frame>
  <frame idx="1825" w="76" h="56" x="-6.500000" y="-5.110292">
   <element name="level" layername="level" frame="54" z_index="7" m_a="0.866669" m_b="0.000000" m_c="0.000000" m_d="0.866669" m_tx="0.000000" m_ty="-8.885336"/>
  </frame>
  <frame idx="1850" w="76" h="56" x="-6.500000" y="-5.084036">
   <element name="level" layername="level" frame="55" z_index="7" m_a="0.866669" m_b="0.000000" m_c="0.000000" m_d="0.866669" m_tx="0.000000" m_ty="-9.010733"/>
  </frame>
  <frame idx="1875" w="76" h="56" x="-6.500000" y="-5.040783">
   <element name="level" layername="level" frame="56" z_index="7" m_a="0.866669" m_b="0.000000" m_c="0.000000" m_d="0.866669" m_tx="0.000000" m_ty="-9.140804"/>
  </frame>
  <frame idx="1900" w="76" h="56" x="-6.500000" y="-5.168229">
   <element name="level" layername="level" frame="56" z_index="7" m_a="0.866669" m_b="0.000000" m_c="0.000000" m_d="0.866669" m_tx="0.000000" m_ty="-9.268250"/>
  </frame>
  <frame idx="1925" w="76" h="56" x="-6.500000" y="-5.110322">
   <element name="level" layername="level" frame="57" z_index="7" m_a="0.866669" m_b="0.000000" m_c="0.000000" m_d="0.866669" m_tx="0.000000" m_ty="-9.383671"/>
  </frame>
  <frame idx="1950" w="76" h="56" x="-6.500000" y="-5.073528">
   <element name="level" layername="level" frame="58" z_index="7" m_a="0.866669" m_b="0.000000" m_c="0.000000" m_d="0.866669" m_tx="0.000000" m_ty="-9.498569"/>
  </frame>
  <frame idx="1975" w="76" h="56" x="-6.500000" y="-5.040783">
   <element name="level" layername="level" frame="59" z_index="7" m_a="0.866669" m_b="0.000000" m_c="0.000000" m_d="0.866669" m_tx="0.000000" m_ty="-9.617475"/>
  </frame>
  <frame idx="2000" w="76" h="56" x="-6.500000" y="-5.168231">
   <element name="level" layername="level" frame="59" z_index="7" m_a="0.866669" m_b="0.000000" m_c="0.000000" m_d="0.866669" m_tx="0.000000" m_ty="-9.744923"/>
  </frame>
  <frame idx="2025" w="76" h="56" x="-6.500000" y="-5.126057">
   <element name="level" layername="level" frame="60" z_index="7" m_a="0.866669" m_b="0.000000" m_c="0.000000" m_d="0.866669" m_tx="0.000000" m_ty="-9.876077"/>
  </frame>
  <frame idx="2050" w="76" h="56" x="-6.500000" y="-5.480624">
   <element name="level" layername="level" frame="61" z_index="7" m_a="0.866669" m_b="0.000000" m_c="0.000000" m_d="0.866669" m_tx="0.000000" m_ty="-10.403972"/>
  </frame>
  <frame idx="2075" w="76" h="51" x="-6.500000" y="-4.540778">
   <element name="level" layername="level" frame="62" z_index="7" m_a="0.866669" m_b="0.000000" m_c="0.000000" m_d="0.866669" m_tx="0.000000" m_ty="-10.115825"/>
  </frame>
  <frame idx="2100" w="76" h="51" x="-6.500000" y="-4.668210">
   <element name="level" layername="level" frame="62" z_index="7" m_a="0.866669" m_b="0.000000" m_c="0.000000" m_d="0.866669" m_tx="0.000000" m_ty="-10.243257"/>
  </frame>
  <frame idx="2125" w="76" h="51" x="-6.500000" y="-4.610311">
   <element name="level" layername="level" frame="63" z_index="7" m_a="0.866669" m_b="0.000000" m_c="0.000000" m_d="0.866669" m_tx="0.000000" m_ty="-10.358663"/>
  </frame>
  <frame idx="2150" w="76" h="51" x="-6.500000" y="-4.573539">
   <element name="level" layername="level" frame="64" z_index="7" m_a="0.866669" m_b="0.000000" m_c="0.000000" m_d="0.866669" m_tx="0.000000" m_ty="-10.473567"/>
  </frame>
  <frame idx="2175" w="76" h="51" x="-6.500000" y="-4.540786">
   <element name="level" layername="level" frame="65" z_index="7" m_a="0.866669" m_b="0.000000" m_c="0.000000" m_d="0.866669" m_tx="0.000000" m_ty="-10.592490"/>
  </frame>
  <frame idx="2200" w="76" h="51" x="-6.500000" y="-4.668246">
   <element name="level" layername="level" frame="65" z_index="7" m_a="0.866669" m_b="0.000000" m_c="0.000000" m_d="0.866669" m_tx="0.000000" m_ty="-10.719951"/>
  </frame>
  <frame idx="2225" w="76" h="51" x="-6.500000" y="-4.626041">
   <element name="level" layername="level" frame="66" z_index="7" m_a="0.866669" m_b="0.000000" m_c="0.000000" m_d="0.866669" m_tx="0.000000" m_ty="-10.851089"/>
  </frame>
  <frame idx="2250" w="76" h="51" x="-6.500000" y="-4.573541">
   <element name="level" layername="level" frame="67" z_index="7" m_a="0.866669" m_b="0.000000" m_c="0.000000" m_d="0.866669" m_tx="0.000000" m_ty="-10.971894"/>
  </frame>
  <frame idx="2275" w="76" h="51" x="-6.500000" y="-4.535688">
   <element name="level" layername="level" frame="68" z_index="7" m_a="0.866669" m_b="0.000000" m_c="0.000000" m_d="0.866669" m_tx="0.000000" m_ty="-11.085718"/>
  </frame>
  <frame idx="2300" w="76" h="51" x="-6.500000" y="-4.647214">
   <element name="level" layername="level" frame="68" z_index="7" m_a="0.866669" m_b="0.000000" m_c="0.000000" m_d="0.866669" m_tx="0.000000" m_ty="-11.197244"/>
  </frame>
  <frame idx="2325" w="76" h="51" x="-6.500000" y="-4.626067">
   <element name="level" layername="level" frame="69" z_index="7" m_a="0.866669" m_b="0.000000" m_c="0.000000" m_d="0.866669" m_tx="0.000000" m_ty="-11.327773"/>
  </frame>
  <frame idx="2350" w="76" h="51" x="-6.500000" y="-4.584027">
   <element name="level" layername="level" frame="70" z_index="7" m_a="0.866669" m_b="0.000000" m_c="0.000000" m_d="0.866669" m_tx="0.000000" m_ty="-11.459078"/>
  </frame>
  <frame idx="2375" w="76" h="51" x="-6.500000" y="-4.535690">
   <element name="level" layername="level" frame="71" z_index="7" m_a="0.866669" m_b="0.000000" m_c="0.000000" m_d="0.866669" m_tx="0.000000" m_ty="-11.584045"/>
  </frame>
  <frame idx="2400" w="76" h="51" x="-6.500000" y="-4.647216">
   <element name="level" layername="level" frame="71" z_index="7" m_a="0.866669" m_b="0.000000" m_c="0.000000" m_d="0.866669" m_tx="0.000000" m_ty="-11.695571"/>
  </frame>
  <frame idx="2425" w="76" h="52" x="-6.500000" y="-5.393873">
   <element name="level" layername="level" frame="72" z_index="7" m_a="0.866669" m_b="0.000000" m_c="0.000000" m_d="0.866669" m_tx="0.000000" m_ty="-12.593904"/>
  </frame>
  <frame idx="2450" w="76" h="47" x="-6.500000" y="-4.084051">
   <element name="level" layername="level" frame="73" z_index="7" m_a="0.866669" m_b="0.000000" m_c="0.000000" m_d="0.866669" m_tx="0.000000" m_ty="-11.935732"/>
  </frame>
  <frame idx="2475" w="76" h="47" x="-6.500000" y="-4.035684">
   <element name="level" layername="level" frame="74" z_index="7" m_a="0.866669" m_b="0.000000" m_c="0.000000" m_d="0.866669" m_tx="0.000000" m_ty="-12.060719"/>
  </frame>
  <frame idx="2500" w="76" h="47" x="-6.500000" y="-4.147196">
   <element name="level" layername="level" frame="74" z_index="7" m_a="0.866669" m_b="0.000000" m_c="0.000000" m_d="0.866669" m_tx="0.000000" m_ty="-12.172232"/>
  </frame>
  <frame idx="2525" w="76" h="47" x="-6.500000" y="-4.126077">
   <element name="level" layername="level" frame="75" z_index="7" m_a="0.866669" m_b="0.000000" m_c="0.000000" m_d="0.866669" m_tx="0.000000" m_ty="-12.302769"/>
  </frame>
  <frame idx="2550" w="76" h="47" x="-6.500000" y="-4.084033">
   <element name="level" layername="level" frame="76" z_index="7" m_a="0.866669" m_b="0.000000" m_c="0.000000" m_d="0.866669" m_tx="0.000000" m_ty="-12.434079"/>
  </frame>
  <frame idx="2575" w="76" h="47" x="-6.500000" y="-4.035683">
   <element name="level" layername="level" frame="77" z_index="7" m_a="0.866669" m_b="0.000000" m_c="0.000000" m_d="0.866669" m_tx="0.000000" m_ty="-12.559048"/>
  </frame>
  <frame idx="2600" w="76" h="47" x="-6.500000" y="-4.147195">
   <element name="level" layername="level" frame="77" z_index="7" m_a="0.866669" m_b="0.000000" m_c="0.000000" m_d="0.866669" m_tx="0.000000" m_ty="-12.670560"/>
  </frame>
  <frame idx="2625" w="76" h="47" x="-6.500000" y="-4.110322">
   <element name="level" layername="level" frame="78" z_index="7" m_a="0.866669" m_b="0.000000" m_c="0.000000" m_d="0.866669" m_tx="0.000000" m_ty="-12.785343"/>
  </frame>
  <frame idx="2650" w="76" h="47" x="-6.500000" y="-4.084032">
   <element name="level" layername="level" frame="79" z_index="7" m_a="0.866669" m_b="0.000000" m_c="0.000000" m_d="0.866669" m_tx="0.000000" m_ty="-12.910746"/>
  </frame>
  <frame idx="2675" w="76" h="47" x="-6.500000" y="-4.042026">
   <element name="level" layername="level" frame="80" z_index="7" m_a="0.866669" m_b="0.000000" m_c="0.000000" m_d="0.866669" m_tx="0.000000" m_ty="-13.042057"/>
  </frame>
  <frame idx="2700" w="76" h="47" x="-6.500000" y="-4.000000">
   <element name="level" layername="level" frame="81" z_index="7" m_a="0.866669" m_b="0.000000" m_c="0.000000" m_d="0.866669" m_tx="0.000000" m_ty="-13.173386"/>
  </frame>
  <frame idx="2725" w="76" h="47" x="-6.500000" y="-4.111513">
   <element name="level" layername="level" frame="81" z_index="7" m_a="0.866669" m_b="0.000000" m_c="0.000000" m_d="0.866669" m_tx="0.000000" m_ty="-13.284899"/>
  </frame>
  <frame idx="2750" w="76" h="47" x="-6.510498" y="-4.726949">
   <element name="level" layername="level" frame="82" z_index="7" m_a="0.866669" m_b="0.000000" m_c="0.000000" m_d="0.866669" m_tx="-0.010498" m_ty="-14.051991"/>
  </frame>
  <frame idx="2775" w="76" h="42" x="-6.500000" y="-3.542022">
   <element name="level" layername="level" frame="83" z_index="7" m_a="0.866669" m_b="0.000000" m_c="0.000000" m_d="0.866669" m_tx="-0.021652" m_ty="-13.518724"/>
  </frame>
  <frame idx="2800" w="76" h="42" x="-6.500000" y="-3.500000">
   <element name="level" layername="level" frame="84" z_index="7" m_a="0.866669" m_b="0.000000" m_c="0.000000" m_d="0.866669" m_tx="-0.021652" m_ty="-13.650037"/>
  </frame>
  <frame idx="2825" w="76" h="42" x="-6.484080" y="-3.627452">
   <element name="level" layername="level" frame="84" z_index="7" m_a="0.866669" m_b="0.000000" m_c="0.000000" m_d="0.866669" m_tx="-0.005731" m_ty="-13.777489"/>
  </frame>
  <frame idx="2850" w="76" h="42" x="-6.510498" y="-3.573536">
   <element name="level" layername="level" frame="85" z_index="7" m_a="0.866669" m_b="0.000000" m_c="0.000000" m_d="0.866669" m_tx="-0.010498" m_ty="-13.896907"/>
  </frame>
  <frame idx="2875" w="76" h="42" x="-6.494751" y="-3.542020">
   <element name="level" layername="level" frame="86" z_index="7" m_a="0.866669" m_b="0.000000" m_c="0.000000" m_d="0.866669" m_tx="-0.016403" m_ty="-14.017057"/>
  </frame>
  <frame idx="2900" w="76" h="42" x="-6.500000" y="-3.499999">
   <element name="level" layername="level" frame="87" z_index="7" m_a="0.866669" m_b="0.000000" m_c="0.000000" m_d="0.866669" m_tx="0.000000" m_ty="-14.148371"/>
  </frame>
  <frame idx="2925" w="76" h="42" x="-6.515921" y="-3.611520">
   <element name="level" layername="level" frame="87" z_index="7" m_a="0.866669" m_b="0.000000" m_c="0.000000" m_d="0.866669" m_tx="-0.015921" m_ty="-14.259892"/>
  </frame>
  <frame idx="2950" w="76" h="42" x="-6.489502" y="-3.573537">
   <element name="level" layername="level" frame="88" z_index="7" m_a="0.866669" m_b="0.000000" m_c="0.000000" m_d="0.866669" m_tx="-0.011154" m_ty="-14.373575"/>
  </frame>
  <frame idx="2975" w="76" h="42" x="-6.500000" y="-3.542020">
   <element name="level" layername="level" frame="89" z_index="7" m_a="0.866669" m_b="0.000000" m_c="0.000000" m_d="0.866669" m_tx="0.000000" m_ty="-14.493725"/>
  </frame>
  <frame idx="3000" w="76" h="42" x="-6.500000" y="-3.500000">
   <element name="level" layername="level" frame="90" z_index="7" m_a="0.866669" m_b="0.000000" m_c="0.000000" m_d="0.866669" m_tx="0.000000" m_ty="-14.625039"/>
  </frame>
  <frame idx="3025" w="76" h="42" x="-6.500000" y="-3.627451">
   <element name="level" layername="level" frame="90" z_index="7" m_a="0.866669" m_b="0.000000" m_c="0.000000" m_d="0.866669" m_tx="0.000000" m_ty="-14.752490"/>
  </frame>
  <frame idx="3050" w="76" h="42" x="-6.510498" y="-3.573533">
   <element name="level" layername="level" frame="91" z_index="7" m_a="0.866669" m_b="0.000000" m_c="0.000000" m_d="0.866669" m_tx="-0.010498" m_ty="-14.871907"/>
  </frame>
  <frame idx="3075" w="76" h="42" x="-6.500000" y="-3.536767">
   <element name="level" layername="level" frame="92" z_index="7" m_a="0.866669" m_b="0.000000" m_c="0.000000" m_d="0.866669" m_tx="-0.021652" m_ty="-14.986807"/>
  </frame>
  <frame idx="3100" w="76" h="42" x="-6.500000" y="-3.500002">
   <element name="level" layername="level" frame="93" z_index="7" m_a="0.866669" m_b="0.000000" m_c="0.000000" m_d="0.866669" m_tx="-0.021652" m_ty="-15.101708"/>
  </frame>
  <frame idx="3125" w="76" h="45" x="-6.484080" y="-5.375405">
   <element name="level" layername="level" frame="93" z_index="7" m_a="0.866669" m_b="0.000000" m_c="0.000000" m_d="0.866669" m_tx="-0.005731" m_ty="-16.477112"/>
  </frame>
  <frame idx="3150" w="76" h="39" x="-6.500000" y="-3.584047">
   <element name="level" layername="level" frame="94" z_index="7" m_a="0.866669" m_b="0.000000" m_c="0.000000" m_d="0.866669" m_tx="0.000000" m_ty="-15.359078"/>
  </frame>
  <frame idx="3175" w="76" h="39" x="-6.500000" y="-3.536767">
   <element name="level" layername="level" frame="95" z_index="7" m_a="0.866669" m_b="0.000000" m_c="0.000000" m_d="0.866669" m_tx="0.000000" m_ty="-15.485146"/>
  </frame>
  <frame idx="3200" w="76" h="39" x="-6.500000" y="-3.500000">
   <element name="level" layername="level" frame="96" z_index="7" m_a="0.866669" m_b="0.000000" m_c="0.000000" m_d="0.866669" m_tx="0.000000" m_ty="-15.600042"/>
  </frame>
  <frame idx="3225" w="76" h="39" x="-6.531843" y="-3.611495">
   <element name="level" layername="level" frame="96" z_index="7" m_a="0.866669" m_b="0.000000" m_c="0.000000" m_d="0.866669" m_tx="-0.031843" m_ty="-15.711536"/>
  </frame>
  <frame idx="3250" w="76" h="39" x="-6.479003" y="-3.584109">
   <element name="level" layername="level" frame="97" z_index="7" m_a="0.866669" m_b="0.000000" m_c="0.000000" m_d="0.866669" m_tx="-0.022309" m_ty="-15.835784"/>
  </frame>
  <frame idx="3275" w="76" h="39" x="-6.505249" y="-3.541979">
   <element name="level" layername="level" frame="98" z_index="7" m_a="0.866669" m_b="0.000000" m_c="0.000000" m_d="0.866669" m_tx="-0.005249" m_ty="-15.967124"/>
  </frame>
  <frame idx="3300" w="76" h="39" x="-6.500000" y="-3.500001">
   <element name="level" layername="level" frame="99" z_index="7" m_a="0.866669" m_b="0.000000" m_c="0.000000" m_d="0.866669" m_tx="-0.021652" m_ty="-16.098309"/>
  </frame>
  <frame idx="3325" w="76" h="39" x="-6.484080" y="-3.611495">
   <element name="level" layername="level" frame="99" z_index="7" m_a="0.866669" m_b="0.000000" m_c="0.000000" m_d="0.866669" m_tx="-0.005731" m_ty="-16.209803"/>
  </frame>
  <frame idx="3350" w="76" h="39" x="-6.520997" y="-3.584106">
   <element name="level" layername="level" frame="100" z_index="7" m_a="0.866669" m_b="0.000000" m_c="0.000000" m_d="0.866669" m_tx="-0.020997" m_ty="-16.334047"/>
  </frame>
  <frame idx="3375" w="76" h="39" x="-6.489501" y="-3.536759">
   <element name="level" layername="level" frame="101" z_index="7" m_a="0.866669" m_b="0.000000" m_c="0.000000" m_d="0.866669" m_tx="-0.032808" m_ty="-16.460171"/>
  </frame>
  <frame idx="3400" w="76" h="39" x="-6.500000" y="-3.500000">
   <element name="level" layername="level" frame="102" z_index="7" m_a="0.866669" m_b="0.000000" m_c="0.000000" m_d="0.866669" m_tx="0.000000" m_ty="-16.575045"/>
  </frame>
  <frame idx="3425" w="76" h="39" x="-6.500000" y="-3.611494">
   <element name="level" layername="level" frame="102" z_index="7" m_a="0.866669" m_b="0.000000" m_c="0.000000" m_d="0.866669" m_tx="0.000000" m_ty="-16.686539"/>
  </frame>
  <frame idx="3450" w="76" h="39" x="-6.500000" y="-3.584109">
   <element name="level" layername="level" frame="103" z_index="7" m_a="0.866669" m_b="0.000000" m_c="0.000000" m_d="0.866669" m_tx="0.000000" m_ty="-16.810787"/>
  </frame>
  <frame idx="3475" w="76" h="39" x="-6.500000" y="-4.059411">
   <element name="level" layername="level" frame="104" z_index="7" m_a="0.866669" m_b="0.000000" m_c="0.000000" m_d="0.866669" m_tx="0.000000" m_ty="-17.459558"/>
  </frame>
  <frame idx="3500" w="76" h="34" x="-6.500000" y="-3.000000">
   <element name="level" layername="level" frame="105" z_index="7" m_a="0.866669" m_b="0.000000" m_c="0.000000" m_d="0.866669" m_tx="0.000000" m_ty="-17.073519"/>
  </frame>
  <frame idx="3525" w="76" h="34" x="-6.500000" y="-3.111341">
   <element name="level" layername="level" frame="105" z_index="7" m_a="0.866669" m_b="0.000000" m_c="0.000000" m_d="0.866669" m_tx="0.000000" m_ty="-17.184860"/>
  </frame>
  <frame idx="3550" w="76" h="34" x="-6.500000" y="-3.073552">
   <element name="level" layername="level" frame="106" z_index="7" m_a="0.866669" m_b="0.000000" m_c="0.000000" m_d="0.866669" m_tx="0.000000" m_ty="-17.298496"/>
  </frame>
  <frame idx="3575" w="71" h="34" x="-6.000000" y="-3.042020">
   <element name="level" layername="level" frame="107" z_index="7" m_a="0.866669" m_b="0.000000" m_c="0.000000" m_d="0.866669" m_tx="0.000000" m_ty="-17.418663"/>
  </frame>
  <frame idx="3600" w="71" h="34" x="-6.000000" y="-3.000000">
   <element name="level" layername="level" frame="108" z_index="7" m_a="0.866669" m_b="0.000000" m_c="0.000000" m_d="0.866669" m_tx="0.000000" m_ty="-17.549978"/>
  </frame>
  <frame idx="3625" w="71" h="34" x="-6.015947" y="-3.127451">
   <element name="level" layername="level" frame="108" z_index="7" m_a="0.866669" m_b="0.000000" m_c="0.000000" m_d="0.866669" m_tx="-0.015947" m_ty="-17.677429"/>
  </frame>
  <frame idx="3650" w="71" h="34" x="-5.989484" y="-3.073553">
   <element name="level" layername="level" frame="109" z_index="7" m_a="0.866669" m_b="0.000000" m_c="0.000000" m_d="0.866669" m_tx="-0.011172" m_ty="-17.796865"/>
  </frame>
  <frame idx="3675" w="71" h="34" x="-6.000000" y="-3.036776">
   <element name="level" layername="level" frame="110" z_index="7" m_a="0.866669" m_b="0.000000" m_c="0.000000" m_d="0.866669" m_tx="0.000000" m_ty="-17.911791"/>
  </frame>
  <frame idx="3700" w="71" h="34" x="-6.000000" y="-3.000000">
   <element name="level" layername="level" frame="111" z_index="7" m_a="0.866669" m_b="0.000000" m_c="0.000000" m_d="0.866669" m_tx="0.000000" m_ty="-18.026714"/>
  </frame>
  <frame idx="3725" w="71" h="34" x="-6.000000" y="-3.127451">
   <element name="level" layername="level" frame="111" z_index="7" m_a="0.866669" m_b="0.000000" m_c="0.000000" m_d="0.866669" m_tx="0.000000" m_ty="-18.154165"/>
  </frame>
  <frame idx="3750" w="71" h="34" x="-6.000000" y="-3.084041">
   <element name="level" layername="level" frame="112" z_index="7" m_a="0.866669" m_b="0.000000" m_c="0.000000" m_d="0.866669" m_tx="0.000000" m_ty="-18.284090"/>
  </frame>
  <frame idx="3775" w="71" h="34" x="-6.000000" y="-3.036775">
   <element name="level" layername="level" frame="113" z_index="7" m_a="0.866669" m_b="0.000000" m_c="0.000000" m_d="0.866669" m_tx="0.000000" m_ty="-18.410158"/>
  </frame>
  <frame idx="3800" w="71" h="34" x="-6.000000" y="-3.000001">
   <element name="level" layername="level" frame="114" z_index="7" m_a="0.866669" m_b="0.000000" m_c="0.000000" m_d="0.866669" m_tx="0.000000" m_ty="-18.525084"/>
  </frame>
  <frame idx="3825" w="71" h="36" x="-6.000000" y="-5.091632">
   <element name="level" layername="level" frame="114" z_index="7" m_a="0.866669" m_b="0.000000" m_c="0.000000" m_d="0.866669" m_tx="0.000000" m_ty="-20.616714"/>
  </frame>
  <frame idx="3850" w="71" h="31" x="-6.000000" y="-3.073537">
   <element name="level" layername="level" frame="115" z_index="7" m_a="0.866669" m_b="0.000000" m_c="0.000000" m_d="0.866669" m_tx="0.000000" m_ty="-18.772024"/>
  </frame>
  <frame idx="3875" w="71" h="31" x="-6.005258" y="-3.036766">
   <element name="level" layername="level" frame="116" z_index="7" m_a="0.866669" m_b="0.000000" m_c="0.000000" m_d="0.866669" m_tx="-0.005258" m_ty="-18.886923"/>
  </frame>
  <frame idx="3900" w="71" h="31" x="-6.000000" y="-3.000000">
   <element name="level" layername="level" frame="117" z_index="7" m_a="0.866669" m_b="0.000000" m_c="0.000000" m_d="0.866669" m_tx="-0.021687" m_ty="-19.001823"/>
  </frame>
  <frame idx="3925" w="71" h="31" x="-5.968106" y="-3.127398">
   <element name="level" layername="level" frame="117" z_index="7" m_a="0.866669" m_b="0.000000" m_c="0.000000" m_d="0.866669" m_tx="0.010206" m_ty="-19.129221"/>
  </frame>
  <frame idx="3950" w="71" h="31" x="-5.999343" y="-3.084008">
   <element name="level" layername="level" frame="118" z_index="7" m_a="0.866669" m_b="0.000000" m_c="0.000000" m_d="0.866669" m_tx="0.022345" m_ty="-19.259092"/>
  </frame>
  <frame idx="3975" w="68" h="31" x="-5.994756" y="-3.042004">
   <element name="level" layername="level" frame="119" z_index="7" m_a="0.866669" m_b="0.000000" m_c="0.000000" m_d="0.866669" m_tx="0.026932" m_ty="-19.390354"/>
  </frame>
  <frame idx="4000" w="68" h="31" x="-6.000000" y="-3.000001">
   <element name="level" layername="level" frame="120" z_index="7" m_a="0.866669" m_b="0.000000" m_c="0.000000" m_d="0.866669" m_tx="0.043320" m_ty="-19.521616"/>
  </frame>
  <frame idx="4025" w="68" h="31" x="-6.031853" y="-3.095641">
   <element name="level" layername="level" frame="120" z_index="7" m_a="0.866669" m_b="0.000000" m_c="0.000000" m_d="0.866669" m_tx="0.011467" m_ty="-19.617256"/>
  </frame>
  <frame idx="4050" w="68" h="31" x="-5.989485" y="-3.084005">
   <element name="level" layername="level" frame="121" z_index="7" m_a="0.866669" m_b="0.000000" m_c="0.000000" m_d="0.866669" m_tx="0.010515" m_ty="-19.735691"/>
  </frame>
  <frame idx="4075" w="68" h="31" x="-6.005258" y="-3.042064">
   <element name="level" layername="level" frame="122" z_index="7" m_a="0.866669" m_b="0.000000" m_c="0.000000" m_d="0.866669" m_tx="0.016430" m_ty="-19.867012"/>
  </frame>
  <frame idx="4100" w="68" h="31" x="-6.000000" y="-3.000000">
   <element name="level" layername="level" frame="123" z_index="7" m_a="0.866669" m_b="0.000000" m_c="0.000000" m_d="0.866669" m_tx="0.000000" m_ty="-19.998457"/>
  </frame>
  <frame idx="4125" w="68" h="31" x="-6.000000" y="-3.111519">
   <element name="level" layername="level" frame="123" z_index="7" m_a="0.866669" m_b="0.000000" m_c="0.000000" m_d="0.866669" m_tx="0.000000" m_ty="-20.109976"/>
  </frame>
  <frame idx="4150" w="68" h="31" x="-6.000000" y="-3.073536">
   <element name="level" layername="level" frame="124" z_index="7" m_a="0.866669" m_b="0.000000" m_c="0.000000" m_d="0.866669" m_tx="0.000000" m_ty="-20.223660"/>
  </frame>
  <frame idx="4175" w="68" h="32" x="-6.000000" y="-3.869307">
   <element name="level" layername="level" frame="125" z_index="7" m_a="0.866669" m_b="0.000000" m_c="0.000000" m_d="0.866669" m_tx="0.000000" m_ty="-21.171097"/>
  </frame>
  <frame idx="4200" w="68" h="26" x="-6.000000" y="-2.499998">
   <element name="level" layername="level" frame="126" z_index="7" m_a="0.866669" m_b="0.000000" m_c="0.000000" m_d="0.866669" m_tx="0.000000" m_ty="-20.475159"/>
  </frame>
  <frame idx="4225" w="68" h="26" x="-6.000000" y="-2.627397">
   <element name="level" layername="level" frame="126" z_index="7" m_a="0.866669" m_b="0.000000" m_c="0.000000" m_d="0.866669" m_tx="0.000000" m_ty="-20.602558"/>
  </frame>
  <frame idx="4250" w="64" h="26" x="-5.500000" y="-2.573520">
   <element name="level" layername="level" frame="127" z_index="7" m_a="0.866669" m_b="0.000000" m_c="0.000000" m_d="0.866669" m_tx="0.000000" m_ty="-20.721943"/>
  </frame>
  <frame idx="4275" w="64" h="26" x="-5.505257" y="-2.542004">
   <element name="level" layername="level" frame="128" z_index="7" m_a="0.866669" m_b="0.000000" m_c="0.000000" m_d="0.866669" m_tx="-0.005257" m_ty="-20.842060"/>
  </frame>
  <frame idx="4300" w="64" h="26" x="-5.499999" y="-2.500001">
   <element name="level" layername="level" frame="129" z_index="7" m_a="0.866669" m_b="0.000000" m_c="0.000000" m_d="0.866669" m_tx="-0.021684" m_ty="-20.973322"/>
  </frame>
  <frame idx="4325" w="64" h="26" x="-5.515905" y="-2.611646">
   <element name="level" layername="level" frame="129" z_index="7" m_a="0.866669" m_b="0.000000" m_c="0.000000" m_d="0.866669" m_tx="-0.037590" m_ty="-21.084967"/>
  </frame>
  <frame idx="4350" w="64" h="26" x="-5.478998" y="-2.573518">
   <element name="level" layername="level" frame="130" z_index="7" m_a="0.866669" m_b="0.000000" m_c="0.000000" m_d="0.866669" m_tx="-0.022314" m_ty="-21.198681"/>
  </frame>
  <frame idx="4375" w="64" h="26" x="-5.505257" y="-2.542003">
   <element name="level" layername="level" frame="131" z_index="7" m_a="0.866669" m_b="0.000000" m_c="0.000000" m_d="0.866669" m_tx="-0.005257" m_ty="-21.318796"/>
  </frame>
  <frame idx="4400" w="64" h="26" x="-5.499999" y="-2.500000">
   <element name="level" layername="level" frame="132" z_index="7" m_a="0.866669" m_b="0.000000" m_c="0.000000" m_d="0.866669" m_tx="-0.021684" m_ty="-21.450058"/>
  </frame>
  <frame idx="4425" w="64" h="26" x="-5.501108" y="-2.627400">
   <element name="level" layername="level" frame="132" z_index="7" m_a="0.866669" m_b="0.000000" m_c="0.000000" m_d="0.866669" m_tx="-0.022792" m_ty="-21.577457"/>
  </frame>
  <frame idx="4450" w="59" h="26" x="-5.000000" y="-2.573621">
   <element name="level" layername="level" frame="133" z_index="7" m_a="0.866669" m_b="0.000000" m_c="0.000000" m_d="0.866669" m_tx="-0.021646" m_ty="-21.696943"/>
  </frame>
  <frame idx="4475" w="59" h="26" x="-5.000000" y="-2.536758">
   <element name="level" layername="level" frame="134" z_index="7" m_a="0.866669" m_b="0.000000" m_c="0.000000" m_d="0.866669" m_tx="-0.021646" m_ty="-21.811922"/>
  </frame>
  <frame idx="4500" w="59" h="26" x="-5.000000" y="-2.500000">
   <element name="level" layername="level" frame="135" z_index="7" m_a="0.866669" m_b="0.000000" m_c="0.000000" m_d="0.866669" m_tx="-0.021646" m_ty="-21.926794"/>
  </frame>
  <frame idx="4525" w="59" h="26" x="-4.984085" y="-2.627399">
   <element name="level" layername="level" frame="135" z_index="7" m_a="0.866669" m_b="0.000000" m_c="0.000000" m_d="0.866669" m_tx="-0.005730" m_ty="-22.054193"/>
  </frame>
  <frame idx="4550" w="59" h="29" x="-4.989504" y="-4.743885">
   <element name="level" layername="level" frame="136" z_index="7" m_a="0.866669" m_b="0.000000" m_c="0.000000" m_d="0.866669" m_tx="0.010496" m_ty="-24.343945"/>
  </frame>
  <frame idx="4575" w="59" h="22" x="-5.000000" y="-2.036768">
   <element name="level" layername="level" frame="137" z_index="7" m_a="0.866669" m_b="0.000000" m_c="0.000000" m_d="0.866669" m_tx="0.021647" m_ty="-22.310162"/>
  </frame>
  <frame idx="4600" w="59" h="22" x="-5.000000" y="-2.000000">
   <element name="level" layername="level" frame="138" z_index="7" m_a="0.866669" m_b="0.000000" m_c="0.000000" m_d="0.866669" m_tx="0.021647" m_ty="-22.425060"/>
  </frame>
  <frame idx="4625" w="59" h="22" x="-5.015916" y="-2.111521">
   <element name="level" layername="level" frame="138" z_index="7" m_a="0.866669" m_b="0.000000" m_c="0.000000" m_d="0.866669" m_tx="0.005730" m_ty="-22.536581"/>
  </frame>
  <frame idx="4650" w="56" h="22" x="-5.000000" y="-2.084040">
   <element name="level" layername="level" frame="139" z_index="7" m_a="0.866669" m_b="0.000000" m_c="0.000000" m_d="0.866669" m_tx="0.000000" m_ty="-22.660767"/>
  </frame>
  <frame idx="4675" w="56" h="22" x="-4.994745" y="-2.042021">
   <element name="level" layername="level" frame="140" z_index="7" m_a="0.866669" m_b="0.000000" m_c="0.000000" m_d="0.866669" m_tx="0.005255" m_ty="-22.792082"/>
  </frame>
  <frame idx="4700" w="56" h="22" x="-5.000000" y="-2.000000">
   <element name="level" layername="level" frame="141" z_index="7" m_a="0.866669" m_b="0.000000" m_c="0.000000" m_d="0.866669" m_tx="0.021678" m_ty="-22.923395"/>
  </frame>
  <frame idx="4725" w="56" h="22" x="-5.047818" y="-2.111518">
   <element name="level" layername="level" frame="141" z_index="7" m_a="0.866669" m_b="0.000000" m_c="0.000000" m_d="0.866669" m_tx="-0.026140" m_ty="-23.034914"/>
  </frame>
  <frame idx="4750" w="56" h="22" x="-4.978980" y="-2.084041">
   <element name="level" layername="level" frame="142" z_index="7" m_a="0.866669" m_b="0.000000" m_c="0.000000" m_d="0.866669" m_tx="-0.022334" m_ty="-23.159103"/>
  </frame>
  <frame idx="4775" w="56" h="22" x="-5.005692" y="-2.036771">
   <element name="level" layername="level" frame="143" z_index="7" m_a="0.866669" m_b="0.000000" m_c="0.000000" m_d="0.866669" m_tx="-0.005692" m_ty="-23.285164"/>
  </frame>
  <frame idx="4800" w="51" h="22" x="-4.499999" y="-2.000000">
   <element name="level" layername="level" frame="144" z_index="7" m_a="0.866669" m_b="0.000000" m_c="0.000000" m_d="0.866669" m_tx="-0.021674" m_ty="-23.400063"/>
  </frame>
  <frame idx="4825" w="51" h="22" x="-4.499999" y="-2.111520">
   <element name="level" layername="level" frame="144" z_index="7" m_a="0.866669" m_b="0.000000" m_c="0.000000" m_d="0.866669" m_tx="-0.021674" m_ty="-23.511583"/>
  </frame>
  <frame idx="4850" w="51" h="22" x="-4.489491" y="-2.084041">
   <element name="level" layername="level" frame="145" z_index="7" m_a="0.866669" m_b="0.000000" m_c="0.000000" m_d="0.866669" m_tx="-0.011165" m_ty="-23.635771"/>
  </frame>
  <frame idx="4875" w="51" h="23" x="-4.500000" y="-3.490417">
   <element name="level" layername="level" frame="146" z_index="7" m_a="0.866669" m_b="0.000000" m_c="0.000000" m_d="0.866669" m_tx="0.000000" m_ty="-25.215481"/>
  </frame>
  <frame idx="4900" w="47" h="17" x="-4.000000" y="-1.500000">
   <element name="level" layername="level" frame="147" z_index="7" m_a="0.866669" m_b="0.000000" m_c="0.000000" m_d="0.866669" m_tx="0.000000" m_ty="-23.898432"/>
  </frame>
  <frame idx="4925" w="47" h="17" x="-4.015926" y="-1.611546">
   <element name="level" layername="level" frame="147" z_index="7" m_a="0.866669" m_b="0.000000" m_c="0.000000" m_d="0.866669" m_tx="-0.015926" m_ty="-24.009977"/>
  </frame>
  <frame idx="4950" w="47" h="17" x="-4.000000" y="-1.573487">
   <element name="level" layername="level" frame="148" z_index="7" m_a="0.866669" m_b="0.000000" m_c="0.000000" m_d="0.866669" m_tx="-0.021660" m_ty="-24.123621"/>
  </frame>
  <frame idx="4975" w="47" h="17" x="-3.994749" y="-1.542021">
   <element name="level" layername="level" frame="149" z_index="7" m_a="0.866669" m_b="0.000000" m_c="0.000000" m_d="0.866669" m_tx="-0.016409" m_ty="-24.243719"/>
  </frame>
  <frame idx="5000" w="47" h="17" x="-4.000000" y="-1.500000">
   <element name="level" layername="level" frame="150" z_index="7" m_a="0.866669" m_b="0.000000" m_c="0.000000" m_d="0.866669" m_tx="0.000000" m_ty="-24.375032"/>
  </frame>
  <frame idx="5025" w="47" h="17" x="-4.017525" y="-1.627449">
   <element name="level" layername="level" frame="150" z_index="7" m_a="0.866669" m_b="0.000000" m_c="0.000000" m_d="0.866669" m_tx="-0.017525" m_ty="-24.502481"/>
  </frame>
  <frame idx="5050" w="42" h="17" x="-3.489494" y="-1.573554">
   <element name="level" layername="level" frame="151" z_index="7" m_a="0.866669" m_b="0.000000" m_c="0.000000" m_d="0.866669" m_tx="-0.011162" m_ty="-24.621918"/>
  </frame>
  <frame idx="5075" w="42" h="17" x="-3.510505" y="-1.536777">
   <element name="level" layername="level" frame="152" z_index="7" m_a="0.866669" m_b="0.000000" m_c="0.000000" m_d="0.866669" m_tx="-0.010505" m_ty="-24.736843"/>
  </frame>
  <frame idx="5100" w="42" h="17" x="-3.500001" y="-1.499999">
   <element name="level" layername="level" frame="153" z_index="7" m_a="0.866669" m_b="0.000000" m_c="0.000000" m_d="0.866669" m_tx="-0.043333" m_ty="-24.851768"/>
  </frame>
  <frame idx="5125" w="42" h="18" x="-3.485828" y="-1.627450">
   <element name="level" layername="level" frame="153" z_index="7" m_a="0.866669" m_b="0.000000" m_c="0.000000" m_d="0.866669" m_tx="-0.029161" m_ty="-24.979219"/>
  </frame>
  <frame idx="5150" w="39" h="17" x="-3.489501" y="-1.573487">
   <element name="level" layername="level" frame="154" z_index="7" m_a="0.866669" m_b="0.000000" m_c="0.000000" m_d="0.866669" m_tx="-0.011155" m_ty="-25.098587"/>
  </frame>
  <frame idx="5175" w="39" h="17" x="-3.505907" y="-1.542053">
   <element name="level" layername="level" frame="155" z_index="7" m_a="0.866669" m_b="0.000000" m_c="0.000000" m_d="0.866669" m_tx="-0.005907" m_ty="-25.218718"/>
  </frame>
  <frame idx="5200" w="34" h="17" x="-3.000000" y="-1.500000">
   <element name="level" layername="level" frame="156" z_index="7" m_a="0.866669" m_b="0.000000" m_c="0.000000" m_d="0.866669" m_tx="-0.021660" m_ty="-25.350138"/>
  </frame>
  <frame idx="5225" w="34" h="17" x="-3.002284" y="-1.627451">
   <element name="level" layername="level" frame="156" z_index="7" m_a="0.866669" m_b="0.000000" m_c="0.000000" m_d="0.866669" m_tx="-0.023944" m_ty="-25.477589"/>
  </frame>
  <frame idx="5250" w="31" h="23" x="-2.989494" y="-6.223009">
   <element name="level" layername="level" frame="157" z_index="7" m_a="0.866669" m_b="0.000000" m_c="0.000000" m_d="0.866669" m_tx="-0.011163" m_ty="-29.746481"/>
  </frame>
  <frame idx="5275" w="31" h="14" x="-3.012254" y="-1.536761">
   <element name="level" layername="level" frame="158" z_index="7" m_a="0.866669" m_b="0.000000" m_c="0.000000" m_d="0.866669" m_tx="-0.012254" m_ty="-25.711830"/>
  </frame>
  <frame idx="5300" w="26" h="14" x="-2.500000" y="-1.500000">
   <element name="level" layername="level" frame="159" z_index="7" m_a="0.866669" m_b="0.000000" m_c="0.000000" m_d="0.866669" m_tx="-0.043327" m_ty="-25.826702"/>
  </frame>
  <frame idx="5325" w="26" h="14" x="-2.500000" y="-1.500000">
   <element name="level" layername="level" frame="159" z_index="7" m_a="0.866669" m_b="0.000000" m_c="0.000000" m_d="0.866669" m_tx="-0.043327" m_ty="-25.826702"/>
  </frame>
 </anim>
 <anim name="bg" root="status_meter_symbiosis" numframes="25" framerate="40">
  <frame idx="0" w="76" h="76" x="-6.500000" y="-6.500000">
   <element name="bg" layername="bg" frame="0" z_index="7" m_a="0.866669" m_b="0.000000" m_c="0.000000" m_d="0.866669" m_tx="0.000000" m_ty="0.000000"/>
  </frame>
 </anim>
 <anim name="close" root="status_meter_symbiosis" numframes="200" framerate="40">
  <frame idx="0" w="87" h="93" x="-7.524985" y="-8.424979">
   <element name="frame_circle" layername="frame_circle" frame="0" z_index="6" m_a="0.499985" m_b="0.000000" m_c="0.000000" m_d="0.499985" m_tx="0.000000" m_ty="0.000000"/>
   <element name="bg" layername="bg" frame="0" z_index="7" m_a="0.866669" m_b="0.000000" m_c="0.000000" m_d="0.866669" m_tx="0.000000" m_ty="0.000000"/>
  </frame>
  <frame idx="25" w="87" h="89" x="-7.500000" y="-7.944081">
   <element name="frame_circle" layername="frame_circle" frame="0" z_index="6" m_a="0.498942" m_b="0.000000" m_c="0.000000" m_d="0.479206" m_tx="0.036765" m_ty="-0.036765"/>
   <element name="bg" layername="bg" frame="0" z_index="7" m_a="0.864862" m_b="0.000000" m_c="0.000000" m_d="0.830654" m_tx="0.000000" m_ty="0.000000"/>
  </frame>
  <frame idx="50" w="87" h="80" x="-7.500000" y="-7.416033">
   <element name="frame_circle" layername="frame_circle" frame="0" z_index="6" m_a="0.496517" m_b="0.000000" m_c="0.000000" m_d="0.430636" m_tx="0.050000" m_ty="-0.050000"/>
   <element name="bg" layername="bg" frame="0" z_index="7" m_a="0.860668" m_b="0.000000" m_c="0.000000" m_d="0.746466" m_tx="0.000000" m_ty="0.000000"/>
  </frame>
  <frame idx="75" w="86" h="65" x="-7.500000" y="-5.849819">
   <element name="frame_circle" layername="frame_circle" frame="0" z_index="6" m_a="0.492634" m_b="0.000000" m_c="0.000000" m_d="0.352736" m_tx="0.050000" m_ty="-0.050000"/>
   <element name="bg" layername="bg" frame="0" z_index="7" m_a="0.853947" m_b="0.000000" m_c="0.000000" m_d="0.611436" m_tx="0.000000" m_ty="0.000000"/>
  </frame>
  <frame idx="100" w="86" h="46" x="-7.500000" y="-4.258865">
   <element name="frame_circle" layername="frame_circle" frame="0" z_index="6" m_a="0.487305" m_b="0.000000" m_c="0.000000" m_d="0.245728" m_tx="0.050000" m_ty="-0.050000"/>
   <element name="bg" layername="bg" frame="0" z_index="7" m_a="0.844711" m_b="0.000000" m_c="0.000000" m_d="0.425949" m_tx="0.000000" m_ty="0.000000"/>
  </frame>
  <frame idx="125" w="84" h="20" x="-7.010756" y="-2.098516">
   <element name="frame_circle" layername="frame_circle" frame="0" z_index="6" m_a="0.480079" m_b="0.000000" m_c="0.000000" m_d="0.100332" m_tx="0.013235" m_ty="-0.013235"/>
   <element name="bg" layername="bg" frame="0" z_index="7" m_a="0.832179" m_b="0.000000" m_c="0.000000" m_d="0.173921" m_tx="0.000000" m_ty="0.000000"/>
  </frame>
  <frame idx="150" w="83" h="10" x="-7.023861" y="-1.040790">
   <element name="frame_circle" layername="frame_circle" frame="0" z_index="6" m_a="0.477478" m_b="0.000000" m_c="0.000000" m_d="0.047989" m_tx="0.000000" m_ty="0.000000"/>
   <element name="bg" layername="bg" frame="0" z_index="7" m_a="0.827667" m_b="0.000000" m_c="0.000000" m_d="0.083191" m_tx="0.000000" m_ty="0.000000"/>
  </frame>
  <frame idx="175" w="84" h="31" x="-7.024134" y="-3.133927">
   <element name="frame_circle" layername="frame_circle" frame="0" z_index="7" m_a="0.482934" m_b="0.000000" m_c="0.000000" m_d="0.157564" m_tx="0.000000" m_ty="0.000000"/>
   <element name="bg" layername="bg" frame="0" z_index="7" m_a="0.837122" m_b="0.000000" m_c="0.000000" m_d="0.273125" m_tx="0.000000" m_ty="0.000000"/>
  </frame>
 </anim>
 <anim name="frame" root="status_meter_symbiosis" numframes="750" framerate="40">
  <frame idx="0" w="87" h="93" x="-7.524985" y="-8.424979">
   <element name="frame_circle" layername="frame_circle" frame="0" z_index="7" m_a="0.499985" m_b="0.000000" m_c="0.000000" m_d="0.499985" m_tx="0.000000" m_ty="0.000000"/>
  </frame>
  <frame idx="25" w="87" h="93" x="-7.524985" y="-8.424979">
   <element name="frame_circle" layername="frame_circle" frame="0" z_index="7" m_a="0.499985" m_b="0.000000" m_c="0.000000" m_d="0.499985" m_tx="0.000000" m_ty="0.000000"/>
  </frame>
  <frame idx="50" w="87" h="93" x="-7.524985" y="-8.424979">
   <element name="frame_circle" layername="frame_circle" frame="0" z_index="7" m_a="0.499985" m_b="0.000000" m_c="0.000000" m_d="0.499985" m_tx="0.000000" m_ty="0.000000"/>
  </frame>
  <frame idx="75" w="87" h="93" x="-7.524985" y="-8.424979">
   <element name="frame_circle" layername="frame_circle" frame="0" z_index="7" m_a="0.499985" m_b="0.000000" m_c="0.000000" m_d="0.499985" m_tx="0.000000" m_ty="0.000000"/>
  </frame>
  <frame idx="100" w="87" h="93" x="-7.524985" y="-8.424979">
   <element name="frame_circle" layername="frame_circle" frame="0" z_index="7" m_a="0.499985" m_b="0.000000" m_c="0.000000" m_d="0.499985" m_tx="0.000000" m_ty="0.000000"/>
  </frame>
  <frame idx="125" w="87" h="93" x="-7.524985" y="-8.424979">
   <element name="frame_circle" layername="frame_circle" frame="0" z_index="7" m_a="0.499985" m_b="0.000000" m_c="0.000000" m_d="0.499985" m_tx="0.000000" m_ty="0.000000"/>
  </frame>
  <frame idx="150" w="87" h="93" x="-7.524985" y="-8.424979">
   <element name="frame_circle" layername="frame_circle" frame="0" z_index="7" m_a="0.499985" m_b="0.000000" m_c="0.000000" m_d="0.499985" m_tx="0.000000" m_ty="0.000000"/>
  </frame>
  <frame idx="175" w="87" h="93" x="-7.524985" y="-8.424979">
   <element name="frame_circle" layername="frame_circle" frame="0" z_index="7" m_a="0.499985" m_b="0.000000" m_c="0.000000" m_d="0.499985" m_tx="0.000000" m_ty="0.000000"/>
  </frame>
  <frame idx="200" w="87" h="93" x="-7.524985" y="-8.424979">
   <element name="frame_circle" layername="frame_circle" frame="0" z_index="7" m_a="0.499985" m_b="0.000000" m_c="0.000000" m_d="0.499985" m_tx="0.000000" m_ty="0.000000"/>
  </frame>
  <frame idx="225" w="87" h="93" x="-7.524985" y="-8.424979">
   <element name="frame_circle" layername="frame_circle" frame="0" z_index="7" m_a="0.499985" m_b="0.000000" m_c="0.000000" m_d="0.499985" m_tx="0.000000" m_ty="0.000000"/>
  </frame>
  <frame idx="250" w="87" h="93" x="-7.524985" y="-8.424979">
   <element name="frame_circle" layername="frame_circle" frame="0" z_index="7" m_a="0.499985" m_b="0.000000" m_c="0.000000" m_d="0.499985" m_tx="0.000000" m_ty="0.000000"/>
  </frame>
  <frame idx="275" w="87" h="93" x="-7.524985" y="-8.424979">
   <element name="frame_circle" layername="frame_circle" frame="0" z_index="7" m_a="0.499985" m_b="0.000000" m_c="0.000000" m_d="0.499985" m_tx="0.000000" m_ty="0.000000"/>
  </frame>
  <frame idx="300" w="87" h="93" x="-7.524985" y="-8.424979">
   <element name="frame_circle" layername="frame_circle" frame="0" z_index="7" m_a="0.499985" m_b="0.000000" m_c="0.000000" m_d="0.499985" m_tx="0.000000" m_ty="0.000000"/>
  </frame>
  <frame idx="325" w="87" h="93" x="-7.524985" y="-8.424979">
   <element name="frame_circle" layername="frame_circle" frame="0" z_index="7" m_a="0.499985" m_b="0.000000" m_c="0.000000" m_d="0.499985" m_tx="0.000000" m_ty="0.000000"/>
  </frame>
  <frame idx="350" w="87" h="93" x="-7.524985" y="-8.424979">
   <element name="frame_circle" layername="frame_circle" frame="0" z_index="7" m_a="0.499985" m_b="0.000000" m_c="0.000000" m_d="0.499985" m_tx="0.000000" m_ty="0.000000"/>
  </frame>
  <frame idx="375" w="87" h="93" x="-7.524985" y="-8.424979">
   <element name="frame_circle" layername="frame_circle" frame="0" z_index="7" m_a="0.499985" m_b="0.000000" m_c="0.000000" m_d="0.499985" m_tx="0.000000" m_ty="0.000000"/>
  </frame>
  <frame idx="400" w="87" h="93" x="-7.524985" y="-8.424979">
   <element name="frame_circle" layername="frame_circle" frame="0" z_index="7" m_a="0.499985" m_b="0.000000" m_c="0.000000" m_d="0.499985" m_tx="0.000000" m_ty="0.000000"/>
  </frame>
  <frame idx="425" w="87" h="93" x="-7.524985" y="-8.424979">
   <element name="frame_circle" layername="frame_circle" frame="0" z_index="7" m_a="0.499985" m_b="0.000000" m_c="0.000000" m_d="0.499985" m_tx="0.000000" m_ty="0.000000"/>
  </frame>
  <frame idx="450" w="87" h="93" x="-7.524985" y="-8.424979">
   <element name="frame_circle" layername="frame_circle" frame="0" z_index="7" m_a="0.499985" m_b="0.000000" m_c="0.000000" m_d="0.499985" m_tx="0.000000" m_ty="0.000000"/>
  </frame>
  <frame idx="475" w="87" h="93" x="-7.524985" y="-8.424979">
   <element name="frame_circle" layername="frame_circle" frame="0" z_index="7" m_a="0.499985" m_b="0.000000" m_c="0.000000" m_d="0.499985" m_tx="0.000000" m_ty="0.000000"/>
  </frame>
  <frame idx="500" w="87" h="93" x="-7.524985" y="-8.424979">
   <element name="frame_circle" layername="frame_circle" frame="0" z_index="7" m_a="0.499985" m_b="0.000000" m_c="0.000000" m_d="0.499985" m_tx="0.000000" m_ty="0.000000"/>
  </frame>
  <frame idx="525" w="87" h="93" x="-7.524985" y="-8.424979">
   <element name="frame_circle" layername="frame_circle" frame="0" z_index="7" m_a="0.499985" m_b="0.000000" m_c="0.000000" m_d="0.499985" m_tx="0.000000" m_ty="0.000000"/>
  </frame>
  <frame idx="550" w="87" h="93" x="-7.524985" y="-8.424979">
   <element name="frame_circle" layername="frame_circle" frame="0" z_index="7" m_a="0.499985" m_b="0.000000" m_c="0.000000" m_d="0.499985" m_tx="0.000000" m_ty="0.000000"/>
  </frame>
  <frame idx="575" w="87" h="93" x="-7.524985" y="-8.424979">
   <element name="frame_circle" layername="frame_circle" frame="0" z_index="7" m_a="0.499985" m_b="0.000000" m_c="0.000000" m_d="0.499985" m_tx="0.000000" m_ty="0.000000"/>
  </frame>
  <frame idx="600" w="87" h="93" x="-7.524985" y="-8.424979">
   <element name="frame_circle" layername="frame_circle" frame="0" z_index="7" m_a="0.499985" m_b="0.000000" m_c="0.000000" m_d="0.499985" m_tx="0.000000" m_ty="0.000000"/>
  </frame>
  <frame idx="625" w="87" h="93" x="-7.524985" y="-8.424979">
   <element name="frame_circle" layername="frame_circle" frame="0" z_index="7" m_a="0.499985" m_b="0.000000" m_c="0.000000" m_d="0.499985" m_tx="0.000000" m_ty="0.000000"/>
  </frame>
  <frame idx="650" w="87" h="93" x="-7.524985" y="-8.424979">
   <element name="frame_circle" layername="frame_circle" frame="0" z_index="7" m_a="0.499985" m_b="0.000000" m_c="0.000000" m_d="0.499985" m_tx="0.000000" m_ty="0.000000"/>
  </frame>
  <frame idx="675" w="87" h="93" x="-7.524985" y="-8.424979">
   <element name="frame_circle" layername="frame_circle" frame="0" z_index="7" m_a="0.499985" m_b="0.000000" m_c="0.000000" m_d="0.499985" m_tx="0.000000" m_ty="0.000000"/>
  </frame>
  <frame idx="700" w="87" h="93" x="-7.524985" y="-8.424979">
   <element name="frame_circle" layername="frame_circle" frame="0" z_index="7" m_a="0.499985" m_b="0.000000" m_c="0.000000" m_d="0.499985" m_tx="0.000000" m_ty="0.000000"/>
  </frame>
  <frame idx="725" w="87" h="93" x="-7.524985" y="-8.424979">
   <element name="frame_circle" layername="frame_circle" frame="0" z_index="7" m_a="0.499985" m_b="0.000000" m_c="0.000000" m_d="0.499985" m_tx="0.000000" m_ty="0.000000"/>
  </frame>
 </anim>
 <anim name="open" root="status_meter_symbiosis" numframes="200" framerate="40">
  <frame idx="0" w="83" h="10" x="-7.023861" y="-1.040790">
   <element name="frame_circle" layername="frame_circle" frame="0" z_index="6" m_a="0.477478" m_b="0.000000" m_c="0.000000" m_d="0.047989" m_tx="0.000000" m_ty="0.000000"/>
   <element name="bg" layername="bg" frame="0" z_index="7" m_a="0.827667" m_b="0.000000" m_c="0.000000" m_d="0.083191" m_tx="0.000000" m_ty="0.000000"/>
  </frame>
  <frame idx="25" w="84" h="26" x="-7.000000" y="-2.578076">
   <element name="frame_circle" layername="frame_circle" frame="0" z_index="6" m_a="0.485646" m_b="0.000000" m_c="0.000000" m_d="0.135110" m_tx="0.036765" m_ty="0.036765"/>
   <element name="bg" layername="bg" frame="0" z_index="7" m_a="0.841838" m_b="0.000000" m_c="0.000000" m_d="0.234208" m_tx="0.000000" m_ty="0.073529"/>
  </frame>
  <frame idx="50" w="88" h="63" x="-7.500000" y="-5.762248">
   <element name="frame_circle" layername="frame_circle" frame="0" z_index="6" m_a="0.504774" m_b="0.000000" m_c="0.000000" m_d="0.338837" m_tx="0.025758" m_ty="0.025758"/>
   <element name="bg" layername="bg" frame="0" z_index="7" m_a="0.874993" m_b="0.000000" m_c="0.000000" m_d="0.587350" m_tx="0.000000" m_ty="0.051515"/>
  </frame>
  <frame idx="75" w="90" h="96" x="-7.525936" y="-8.453268">
   <element name="frame_circle" layername="frame_circle" frame="0" z_index="6" m_a="0.519006" m_b="0.000000" m_c="0.000000" m_d="0.519006" m_tx="0.000000" m_ty="-0.012121"/>
   <element name="bg" layername="bg" frame="0" z_index="7" m_a="0.899662" m_b="0.000000" m_c="0.000000" m_d="0.899662" m_tx="0.000000" m_ty="0.000000"/>
  </frame>
  <frame idx="100" w="89" h="94" x="-7.525473" y="-8.483266">
   <element name="frame_circle" layername="frame_circle" frame="0" z_index="6" m_a="0.509735" m_b="0.000000" m_c="0.000000" m_d="0.509735" m_tx="0.000000" m_ty="-0.050000"/>
   <element name="bg" layername="bg" frame="0" z_index="7" m_a="0.883606" m_b="0.000000" m_c="0.000000" m_d="0.883606" m_tx="0.000000" m_ty="0.000000"/>
  </frame>
  <frame idx="125" w="88" h="94" x="-7.525204" y="-8.478689">
   <element name="frame_circle" layername="frame_circle" frame="0" z_index="6" m_a="0.504350" m_b="0.000000" m_c="0.000000" m_d="0.504350" m_tx="0.000000" m_ty="-0.050000"/>
   <element name="bg" layername="bg" frame="0" z_index="7" m_a="0.874249" m_b="0.000000" m_c="0.000000" m_d="0.874249" m_tx="0.000000" m_ty="0.000000"/>
  </frame>
  <frame idx="150" w="88" h="93" x="-7.525048" y="-8.451798">
   <element name="frame_circle" layername="frame_circle" frame="0" z_index="6" m_a="0.501235" m_b="0.000000" m_c="0.000000" m_d="0.501235" m_tx="0.000000" m_ty="-0.025758"/>
   <element name="bg" layername="bg" frame="0" z_index="7" m_a="0.868838" m_b="0.000000" m_c="0.000000" m_d="0.868838" m_tx="0.000000" m_ty="0.000000"/>
  </frame>
  <frame idx="175" w="87" h="93" x="-7.524985" y="-8.424979">
   <element name="frame_circle" layername="frame_circle" frame="0" z_index="6" m_a="0.499985" m_b="0.000000" m_c="0.000000" m_d="0.499985" m_tx="0.000000" m_ty="0.000000"/>
   <element name="bg" layername="bg" frame="0" z_index="7" m_a="0.866669" m_b="0.000000" m_c="0.000000" m_d="0.866669" m_tx="0.000000" m_ty="0.000000"/>
  </frame>
 </anim>
</Anims>
