<Anims>
 <anim name="idle" root="zetapollen" numframes="150" framerate="40">
  <frame idx="0" w="346" h="132" x="-34.297302" y="-21.900902">
   <element name="pollen" layername="pollen" frame="0" z_index="1" m_a="1.000000" m_b="0.000000" m_c="0.000000" m_d="1.000000" m_tx="-149.297302" m_ty="-62.900902"/>
  </frame>
  <frame idx="25" w="346" h="132" x="-34.297302" y="-21.900902">
   <element name="pollen" layername="pollen" frame="0" z_index="1" m_a="1.000000" m_b="0.000000" m_c="0.000000" m_d="1.000000" m_tx="-149.297302" m_ty="-62.900902"/>
  </frame>
  <frame idx="50" w="346" h="132" x="-34.297302" y="-21.900902">
   <element name="pollen" layername="pollen" frame="0" z_index="1" m_a="1.000000" m_b="0.000000" m_c="0.000000" m_d="1.000000" m_tx="-149.297302" m_ty="-62.900902"/>
  </frame>
  <frame idx="75" w="346" h="132" x="-34.297302" y="-21.900902">
   <element name="pollen" layername="pollen" frame="0" z_index="1" m_a="1.000000" m_b="0.000000" m_c="0.000000" m_d="1.000000" m_tx="-149.297302" m_ty="-62.900902"/>
  </frame>
  <frame idx="100" w="346" h="132" x="-34.297302" y="-21.900902">
   <element name="pollen" layername="pollen" frame="0" z_index="1" m_a="1.000000" m_b="0.000000" m_c="0.000000" m_d="1.000000" m_tx="-149.297302" m_ty="-62.900902"/>
  </frame>
  <frame idx="125" w="346" h="132" x="-34.297302" y="-21.900902">
   <element name="pollen" layername="pollen" frame="0" z_index="1" m_a="1.000000" m_b="0.000000" m_c="0.000000" m_d="1.000000" m_tx="-149.297302" m_ty="-62.900902"/>
  </frame>
 </anim>
</Anims>
