<Anims>
 <anim name="idle" root="pollen_fx" numframes="1000" framerate="40">
  <frame idx="0" w="2" h="0" x="-0.500000" y="0.000000">
   <element name="pollen" layername="pollen" frame="1" z_index="1" m_a="0.300000" m_b="0.000000" m_c="0.000000" m_d="0.300000" m_tx="0.682261" m_ty="0.389864"/>
  </frame>
  <frame idx="25" w="2" h="0" x="-0.500000" y="0.000000">
   <element name="pollen" layername="pollen" frame="1" z_index="1" m_a="0.358333" m_b="0.000000" m_c="0.000000" m_d="0.358333" m_tx="0.776588" m_ty="0.404502"/>
  </frame>
  <frame idx="50" w="2" h="0" x="-0.500000" y="0.000000">
   <element name="pollen" layername="pollen" frame="1" z_index="1" m_a="0.416667" m_b="0.000000" m_c="0.000000" m_d="0.416667" m_tx="0.870916" m_ty="0.419139"/>
  </frame>
  <frame idx="75" w="2" h="0" x="-0.500000" y="0.000000">
   <element name="pollen" layername="pollen" frame="1" z_index="1" m_a="0.475000" m_b="0.000000" m_c="0.000000" m_d="0.475000" m_tx="0.965243" m_ty="0.433777"/>
  </frame>
  <frame idx="100" w="2" h="0" x="-0.500000" y="0.000000">
   <element name="pollen" layername="pollen" frame="1" z_index="1" m_a="0.533333" m_b="0.000000" m_c="0.000000" m_d="0.533333" m_tx="1.059571" m_ty="0.448414"/>
  </frame>
  <frame idx="125" w="2" h="0" x="-0.500000" y="0.000000">
   <element name="pollen" layername="pollen" frame="1" z_index="1" m_a="0.591667" m_b="0.000000" m_c="0.000000" m_d="0.591667" m_tx="1.153898" m_ty="0.463052"/>
  </frame>
  <frame idx="150" w="2" h="0" x="-0.500000" y="0.000000">
   <element name="pollen" layername="pollen" frame="1" z_index="1" m_a="0.650000" m_b="0.000000" m_c="0.000000" m_d="0.650000" m_tx="1.248226" m_ty="0.477690"/>
  </frame>
  <frame idx="175" w="2" h="0" x="-0.500000" y="0.000000">
   <element name="pollen" layername="pollen" frame="1" z_index="1" m_a="0.708333" m_b="0.000000" m_c="0.000000" m_d="0.708333" m_tx="1.342553" m_ty="0.492327"/>
  </frame>
  <frame idx="200" w="2" h="0" x="-0.500000" y="0.000000">
   <element name="pollen" layername="pollen" frame="1" z_index="1" m_a="0.766667" m_b="0.000000" m_c="0.000000" m_d="0.766667" m_tx="1.436881" m_ty="0.506965"/>
  </frame>
  <frame idx="225" w="2" h="0" x="-0.500000" y="0.000000">
   <element name="pollen" layername="pollen" frame="1" z_index="1" m_a="0.825000" m_b="0.000000" m_c="0.000000" m_d="0.825000" m_tx="1.531209" m_ty="0.521602"/>
  </frame>
  <frame idx="250" w="2" h="0" x="-0.500000" y="0.000000">
   <element name="pollen" layername="pollen" frame="1" z_index="1" m_a="0.883333" m_b="0.000000" m_c="0.000000" m_d="0.883333" m_tx="1.625536" m_ty="0.536240"/>
  </frame>
  <frame idx="275" w="2" h="0" x="-0.500000" y="0.000000">
   <element name="pollen" layername="pollen" frame="1" z_index="1" m_a="0.941667" m_b="0.000000" m_c="0.000000" m_d="0.941667" m_tx="1.719864" m_ty="0.550877"/>
  </frame>
  <frame idx="300" w="2" h="0" x="-0.500000" y="0.000000">
   <element name="pollen" layername="pollen" frame="1" z_index="1" m_a="1.000000" m_b="0.000000" m_c="0.000000" m_d="1.000000" m_tx="1.814191" m_ty="0.565515"/>
  </frame>
  <frame idx="325" w="2" h="0" x="-0.500000" y="0.000000">
   <element name="pollen" layername="pollen" frame="1" z_index="1" m_a="1.000000" m_b="0.000000" m_c="0.000000" m_d="1.000000" m_tx="1.814191" m_ty="0.570377"/>
  </frame>
  <frame idx="350" w="2" h="0" x="-0.500000" y="0.000000">
   <element name="pollen" layername="pollen" frame="1" z_index="1" m_a="1.000000" m_b="0.000000" m_c="0.000000" m_d="1.000000" m_tx="1.814191" m_ty="0.575239"/>
  </frame>
  <frame idx="375" w="2" h="0" x="-0.500000" y="0.000000">
   <element name="pollen" layername="pollen" frame="1" z_index="1" m_a="1.000000" m_b="0.000000" m_c="0.000000" m_d="1.000000" m_tx="1.814191" m_ty="0.580101"/>
  </frame>
  <frame idx="400" w="2" h="0" x="-0.500000" y="0.000000">
   <element name="pollen" layername="pollen" frame="1" z_index="1" m_a="1.000000" m_b="0.000000" m_c="0.000000" m_d="1.000000" m_tx="1.814191" m_ty="0.584963"/>
  </frame>
  <frame idx="425" w="2" h="0" x="-0.500000" y="0.000000">
   <element name="pollen" layername="pollen" frame="1" z_index="1" m_a="1.000000" m_b="0.000000" m_c="0.000000" m_d="1.000000" m_tx="1.814191" m_ty="0.589825"/>
  </frame>
  <frame idx="450" w="2" h="0" x="-0.500000" y="0.000000">
   <element name="pollen" layername="pollen" frame="1" z_index="1" m_a="1.000000" m_b="0.000000" m_c="0.000000" m_d="1.000000" m_tx="1.814191" m_ty="0.594687"/>
  </frame>
  <frame idx="475" w="2" h="0" x="-0.500000" y="0.000000">
   <element name="pollen" layername="pollen" frame="1" z_index="1" m_a="1.000000" m_b="0.000000" m_c="0.000000" m_d="1.000000" m_tx="1.814191" m_ty="0.599549"/>
  </frame>
  <frame idx="500" w="2" h="0" x="-0.500000" y="0.000000">
   <element name="pollen" layername="pollen" frame="1" z_index="1" m_a="1.000000" m_b="0.000000" m_c="0.000000" m_d="1.000000" m_tx="1.814191" m_ty="0.604411"/>
  </frame>
  <frame idx="525" w="2" h="0" x="-0.500000" y="0.000000">
   <element name="pollen" layername="pollen" frame="1" z_index="1" m_a="0.941667" m_b="0.000000" m_c="0.000000" m_d="0.941667" m_tx="1.719864" m_ty="0.586532"/>
  </frame>
  <frame idx="550" w="2" h="0" x="-0.500000" y="0.000000">
   <element name="pollen" layername="pollen" frame="1" z_index="1" m_a="0.883333" m_b="0.000000" m_c="0.000000" m_d="0.883333" m_tx="1.625536" m_ty="0.568653"/>
  </frame>
  <frame idx="575" w="2" h="0" x="-0.500000" y="0.000000">
   <element name="pollen" layername="pollen" frame="1" z_index="1" m_a="0.825000" m_b="0.000000" m_c="0.000000" m_d="0.825000" m_tx="1.531209" m_ty="0.550774"/>
  </frame>
  <frame idx="600" w="2" h="0" x="-0.500000" y="0.000000">
   <element name="pollen" layername="pollen" frame="1" z_index="1" m_a="0.766667" m_b="0.000000" m_c="0.000000" m_d="0.766667" m_tx="1.436881" m_ty="0.532895"/>
  </frame>
  <frame idx="625" w="2" h="0" x="-0.500000" y="0.000000">
   <element name="pollen" layername="pollen" frame="1" z_index="1" m_a="0.708333" m_b="0.000000" m_c="0.000000" m_d="0.708333" m_tx="1.342553" m_ty="0.515016"/>
  </frame>
  <frame idx="650" w="2" h="0" x="-0.500000" y="0.000000">
   <element name="pollen" layername="pollen" frame="1" z_index="1" m_a="0.650000" m_b="0.000000" m_c="0.000000" m_d="0.650000" m_tx="1.248226" m_ty="0.497137"/>
  </frame>
  <frame idx="675" w="2" h="0" x="-0.500000" y="0.000000">
   <element name="pollen" layername="pollen" frame="1" z_index="1" m_a="0.591667" m_b="0.000000" m_c="0.000000" m_d="0.591667" m_tx="1.153898" m_ty="0.479259"/>
  </frame>
  <frame idx="700" w="2" h="0" x="-0.500000" y="0.000000">
   <element name="pollen" layername="pollen" frame="1" z_index="1" m_a="0.533333" m_b="0.000000" m_c="0.000000" m_d="0.533333" m_tx="1.059571" m_ty="0.461380"/>
  </frame>
  <frame idx="725" w="2" h="0" x="-0.500000" y="0.000000">
   <element name="pollen" layername="pollen" frame="1" z_index="1" m_a="0.475000" m_b="0.000000" m_c="0.000000" m_d="0.475000" m_tx="0.965243" m_ty="0.443501"/>
  </frame>
  <frame idx="750" w="2" h="0" x="-0.500000" y="0.000000">
   <element name="pollen" layername="pollen" frame="1" z_index="1" m_a="0.416667" m_b="0.000000" m_c="0.000000" m_d="0.416667" m_tx="0.870916" m_ty="0.425622"/>
  </frame>
  <frame idx="775" w="2" h="0" x="-0.500000" y="0.000000">
   <element name="pollen" layername="pollen" frame="1" z_index="1" m_a="0.358333" m_b="0.000000" m_c="0.000000" m_d="0.358333" m_tx="0.776588" m_ty="0.407743"/>
  </frame>
  <frame idx="800" w="2" h="0" x="-0.500000" y="0.000000">
   <element name="pollen" layername="pollen" frame="1" z_index="1" m_a="0.300000" m_b="0.000000" m_c="0.000000" m_d="0.300000" m_tx="0.682261" m_ty="0.389864"/>
  </frame>
  <frame idx="825" w="2" h="0" x="-0.500000" y="0.000000">
   <element name="pollen" layername="pollen" frame="1" z_index="1" m_a="0.300000" m_b="0.000000" m_c="0.000000" m_d="0.300000" m_tx="0.682261" m_ty="0.389864"/>
  </frame>
  <frame idx="850" w="2" h="0" x="-0.500000" y="0.000000">
   <element name="pollen" layername="pollen" frame="1" z_index="1" m_a="0.300000" m_b="0.000000" m_c="0.000000" m_d="0.300000" m_tx="0.682261" m_ty="0.389864"/>
  </frame>
  <frame idx="875" w="2" h="0" x="-0.500000" y="0.000000">
   <element name="pollen" layername="pollen" frame="1" z_index="1" m_a="0.300000" m_b="0.000000" m_c="0.000000" m_d="0.300000" m_tx="0.682261" m_ty="0.389864"/>
  </frame>
  <frame idx="900" w="2" h="0" x="-0.500000" y="0.000000">
   <element name="pollen" layername="pollen" frame="1" z_index="1" m_a="0.300000" m_b="0.000000" m_c="0.000000" m_d="0.300000" m_tx="0.682261" m_ty="0.389864"/>
  </frame>
  <frame idx="925" w="2" h="0" x="-0.500000" y="0.000000">
   <element name="pollen" layername="pollen" frame="1" z_index="1" m_a="0.300000" m_b="0.000000" m_c="0.000000" m_d="0.300000" m_tx="0.682261" m_ty="0.389864"/>
  </frame>
  <frame idx="950" w="2" h="0" x="-0.500000" y="0.000000">
   <element name="pollen" layername="pollen" frame="1" z_index="1" m_a="0.300000" m_b="0.000000" m_c="0.000000" m_d="0.300000" m_tx="0.682261" m_ty="0.389864"/>
  </frame>
  <frame idx="975" w="2" h="0" x="-0.500000" y="0.000000">
   <element name="pollen" layername="pollen" frame="1" z_index="1" m_a="0.300000" m_b="0.000000" m_c="0.000000" m_d="0.300000" m_tx="0.682261" m_ty="0.389864"/>
  </frame>
 </anim>
</Anims>
