<Anims>
 <anim name="cocoon_dead_90s" root="mutantbeehive" numframes="300" framerate="40">
  <frame idx="0" w="363" h="256" x="-14.098190" y="-66.314072">
   <element name="beehive_01" layername="beehive" frame="1" z_index="5" m_a="0.584412" m_b="0.000000" m_c="0.000000" m_d="0.920563" m_tx="16.650000" m_ty="3.400000"/>
  </frame>
  <frame idx="25" w="363" h="256" x="-14.098190" y="-66.314072">
   <element name="beehive_01" layername="beehive" frame="1" z_index="5" m_a="0.584412" m_b="0.000000" m_c="0.000000" m_d="0.920563" m_tx="16.650000" m_ty="3.400000"/>
  </frame>
  <frame idx="50" w="363" h="256" x="-14.098190" y="-66.314072">
   <element name="beehive_01" layername="beehive" frame="1" z_index="5" m_a="0.584412" m_b="0.000000" m_c="0.000000" m_d="0.920563" m_tx="16.650000" m_ty="3.400000"/>
  </frame>
  <frame idx="75" w="363" h="256" x="-14.098190" y="-66.314072">
   <element name="beehive_01" layername="beehive" frame="1" z_index="5" m_a="0.584412" m_b="0.000000" m_c="0.000000" m_d="0.920563" m_tx="16.650000" m_ty="3.400000"/>
  </frame>
  <frame idx="100" w="363" h="256" x="-14.098190" y="-66.314072">
   <element name="beehive_01" layername="beehive" frame="1" z_index="5" m_a="0.584412" m_b="0.000000" m_c="0.000000" m_d="0.920563" m_tx="16.650000" m_ty="3.400000"/>
  </frame>
  <frame idx="125" w="363" h="256" x="-14.098190" y="-66.314072">
   <element name="beehive_01" layername="beehive" frame="1" z_index="5" m_a="0.584412" m_b="0.000000" m_c="0.000000" m_d="0.920563" m_tx="16.650000" m_ty="3.400000"/>
  </frame>
  <frame idx="150" w="363" h="256" x="-14.098190" y="-66.314072">
   <element name="beehive_01" layername="beehive" frame="1" z_index="5" m_a="0.584412" m_b="0.000000" m_c="0.000000" m_d="0.920563" m_tx="16.650000" m_ty="3.400000"/>
  </frame>
  <frame idx="175" w="363" h="256" x="-14.098190" y="-66.314072">
   <element name="beehive_01" layername="beehive" frame="1" z_index="5" m_a="0.584412" m_b="0.000000" m_c="0.000000" m_d="0.920563" m_tx="16.650000" m_ty="3.400000"/>
  </frame>
  <frame idx="200" w="363" h="256" x="-14.098190" y="-66.314072">
   <element name="beehive_01" layername="beehive" frame="1" z_index="5" m_a="0.584412" m_b="0.000000" m_c="0.000000" m_d="0.920563" m_tx="16.650000" m_ty="3.400000"/>
  </frame>
  <frame idx="225" w="363" h="256" x="-14.098190" y="-66.314072">
   <element name="beehive_01" layername="beehive" frame="1" z_index="5" m_a="0.584412" m_b="0.000000" m_c="0.000000" m_d="0.920563" m_tx="16.650000" m_ty="3.400000"/>
  </frame>
  <frame idx="250" w="363" h="256" x="-14.098190" y="-66.314072">
   <element name="beehive_01" layername="beehive" frame="1" z_index="5" m_a="0.584412" m_b="0.000000" m_c="0.000000" m_d="0.920563" m_tx="16.650000" m_ty="3.400000"/>
  </frame>
  <frame idx="275" w="363" h="256" x="-14.098190" y="-66.314072">
   <element name="beehive_01" layername="beehive" frame="1" z_index="5" m_a="0.584412" m_b="0.000000" m_c="0.000000" m_d="0.920563" m_tx="16.650000" m_ty="3.400000"/>
  </frame>
 </anim>
 <anim name="cocoon_small_90s" root="mutantbeehive" numframes="25" framerate="40">
  <frame idx="0" w="357" h="1119" x="-14.153361" y="-364.658295">
   <element name="beehive_01" layername="beehive" frame="0" z_index="5" m_a="0.584412" m_b="0.000000" m_c="0.000000" m_d="0.920563" m_tx="16.650000" m_ty="3.400000"/>
  </frame>
 </anim>
 <anim name="cocoon_small_hit_90s" root="mutantbeehive" numframes="550" framerate="40">
  <frame idx="0" w="357" h="1119" x="-14.153361" y="-364.658295">
   <element name="beehive_01" layername="beehive" frame="0" z_index="5" m_a="0.584412" m_b="0.000000" m_c="0.000000" m_d="0.920563" m_tx="16.650000" m_ty="3.400000"/>
  </frame>
  <frame idx="25" w="357" h="1119" x="-14.153361" y="-364.658295">
   <element name="beehive_01" layername="beehive" frame="0" z_index="5" m_a="0.584412" m_b="0.000000" m_c="0.000000" m_d="0.920563" m_tx="16.650000" m_ty="3.400000"/>
  </frame>
  <frame idx="50" w="357" h="1119" x="-14.153361" y="-364.658295">
   <element name="beehive_01" layername="beehive" frame="0" z_index="5" m_a="0.584412" m_b="0.000000" m_c="0.000000" m_d="0.920563" m_tx="16.650000" m_ty="3.400000"/>
  </frame>
  <frame idx="75" w="357" h="1119" x="-14.153361" y="-364.658295">
   <element name="beehive_01" layername="beehive" frame="0" z_index="5" m_a="0.584412" m_b="0.000000" m_c="0.000000" m_d="0.920563" m_tx="16.650000" m_ty="3.400000"/>
  </frame>
  <frame idx="100" w="357" h="1119" x="-14.153361" y="-364.658295">
   <element name="beehive_01" layername="beehive" frame="0" z_index="5" m_a="0.584412" m_b="0.000000" m_c="0.000000" m_d="0.920563" m_tx="16.650000" m_ty="3.400000"/>
  </frame>
  <frame idx="125" w="354" h="1121" x="-12.462313" y="-364.673218">
   <element name="beehive_01" layername="beehive" frame="0" z_index="5" m_a="0.584406" m_b="0.002535" m_c="-0.003993" m_d="0.920601" m_tx="16.650000" m_ty="3.400000"/>
  </frame>
  <frame idx="150" w="351" h="1125" x="-11.390478" y="-365.192535">
   <element name="beehive_01" layername="beehive" frame="0" z_index="5" m_a="0.584394" m_b="0.004610" m_c="-0.007262" m_d="0.920657" m_tx="16.746969" m_ty="3.400000"/>
  </frame>
  <frame idx="175" w="348" h="1126" x="-9.997997" y="-365.214478">
   <element name="beehive_01" layername="beehive" frame="0" z_index="5" m_a="0.584379" m_b="0.006238" m_c="-0.009828" m_d="0.920723" m_tx="16.874243" m_ty="3.400000"/>
  </frame>
  <frame idx="200" w="347" h="1128" x="-9.344566" y="-365.235596">
   <element name="beehive_01" layername="beehive" frame="0" z_index="5" m_a="0.584364" m_b="0.007466" m_c="-0.011764" m_d="0.920788" m_tx="16.950001" m_ty="3.400000"/>
  </frame>
  <frame idx="225" w="360" h="1116" x="-15.432190" y="-364.211517">
   <element name="beehive_01" layername="beehive" frame="0" z_index="5" m_a="0.584409" m_b="-0.001952" m_c="0.003075" m_d="0.920750" m_tx="16.288235" m_ty="3.400000"/>
  </frame>
  <frame idx="250" w="365" h="1112" x="-18.033575" y="-364.185516">
   <element name="beehive_01" layername="beehive" frame="0" z_index="5" m_a="0.584383" m_b="-0.005865" m_c="0.009241" m_d="0.920681" m_tx="16.025757" m_ty="3.400000"/>
  </frame>
  <frame idx="275" w="366" h="1110" x="-18.501133" y="-363.694092">
   <element name="beehive_01" layername="beehive" frame="0" z_index="5" m_a="0.584373" m_b="-0.006754" m_c="0.010641" m_d="0.920714" m_tx="15.975758" m_ty="3.400000"/>
  </frame>
  <frame idx="300" w="368" h="1109" x="-19.564850" y="-363.720673">
   <element name="beehive_01" layername="beehive" frame="0" z_index="5" m_a="0.584360" m_b="-0.007791" m_c="0.012277" m_d="0.920808" m_tx="15.900000" m_ty="3.400000"/>
  </frame>
  <frame idx="325" w="359" h="1116" x="-15.362245" y="-364.180206">
   <element name="beehive_01" layername="beehive" frame="0" z_index="5" m_a="0.584409" m_b="-0.001837" m_c="0.002895" m_d="0.920645" m_tx="16.304413" m_ty="3.400000"/>
  </frame>
  <frame idx="350" w="356" h="1120" x="-13.564383" y="-364.665070">
   <element name="beehive_01" layername="beehive" frame="0" z_index="5" m_a="0.584410" m_b="0.001473" m_c="-0.002320" m_d="0.920579" m_tx="16.546970" m_ty="3.400000"/>
  </frame>
  <frame idx="375" w="354" h="1121" x="-12.687714" y="-364.668243">
   <element name="beehive_01" layername="beehive" frame="0" z_index="5" m_a="0.584408" m_b="0.002055" m_c="-0.003238" m_d="0.920587" m_tx="16.650000" m_ty="3.400000"/>
  </frame>
  <frame idx="400" w="357" h="1119" x="-14.153361" y="-364.658295">
   <element name="beehive_01" layername="beehive" frame="0" z_index="5" m_a="0.584412" m_b="0.000000" m_c="0.000000" m_d="0.920563" m_tx="16.650000" m_ty="3.400000"/>
  </frame>
  <frame idx="425" w="357" h="1119" x="-14.153361" y="-364.658295">
   <element name="beehive_01" layername="beehive" frame="0" z_index="5" m_a="0.584412" m_b="0.000000" m_c="0.000000" m_d="0.920563" m_tx="16.650000" m_ty="3.400000"/>
  </frame>
  <frame idx="450" w="357" h="1119" x="-14.153361" y="-364.658295">
   <element name="beehive_01" layername="beehive" frame="0" z_index="5" m_a="0.584412" m_b="0.000000" m_c="0.000000" m_d="0.920563" m_tx="16.650000" m_ty="3.400000"/>
  </frame>
  <frame idx="475" w="357" h="1119" x="-14.153361" y="-364.658295">
   <element name="beehive_01" layername="beehive" frame="0" z_index="5" m_a="0.584412" m_b="0.000000" m_c="0.000000" m_d="0.920563" m_tx="16.650000" m_ty="3.400000"/>
  </frame>
  <frame idx="500" w="357" h="1119" x="-14.153361" y="-364.658295">
   <element name="beehive_01" layername="beehive" frame="0" z_index="5" m_a="0.584412" m_b="0.000000" m_c="0.000000" m_d="0.920563" m_tx="16.650000" m_ty="3.400000"/>
  </frame>
  <frame idx="525" w="357" h="1119" x="-14.153361" y="-364.658295">
   <element name="beehive_01" layername="beehive" frame="0" z_index="5" m_a="0.584412" m_b="0.000000" m_c="0.000000" m_d="0.920563" m_tx="16.650000" m_ty="3.400000"/>
  </frame>
 </anim>
 <anim name="frozen_90s" root="mutantbeehive" numframes="125" framerate="40">
  <frame idx="0" w="357" h="1119" x="-14.153361" y="-364.658295">
   <element name="beehive_01" layername="beehive" frame="0" z_index="5" m_a="0.584412" m_b="0.000000" m_c="0.000000" m_d="0.920563" m_tx="16.650000" m_ty="3.400000"/>
  </frame>
  <frame idx="25" w="357" h="1119" x="-14.153361" y="-364.658295">
   <element name="beehive_01" layername="beehive" frame="0" z_index="5" m_a="0.584412" m_b="0.000000" m_c="0.000000" m_d="0.920563" m_tx="16.650000" m_ty="3.400000"/>
  </frame>
  <frame idx="50" w="357" h="1119" x="-14.153361" y="-364.658295">
   <element name="beehive_01" layername="beehive" frame="0" z_index="5" m_a="0.584412" m_b="0.000000" m_c="0.000000" m_d="0.920563" m_tx="16.650000" m_ty="3.400000"/>
  </frame>
  <frame idx="75" w="357" h="1119" x="-14.153361" y="-364.658295">
   <element name="beehive_01" layername="beehive" frame="0" z_index="5" m_a="0.584412" m_b="0.000000" m_c="0.000000" m_d="0.920563" m_tx="16.650000" m_ty="3.400000"/>
  </frame>
  <frame idx="100" w="357" h="1119" x="-14.153361" y="-364.658295">
   <element name="beehive_01" layername="beehive" frame="0" z_index="5" m_a="0.584412" m_b="0.000000" m_c="0.000000" m_d="0.920563" m_tx="16.650000" m_ty="3.400000"/>
  </frame>
 </anim>
 <anim name="frozen_loop_pst_90s" root="mutantbeehive" numframes="200" framerate="40">
  <frame idx="0" w="369" h="1107" x="-21.172039" y="-363.730682">
   <element name="beehive_01" layername="beehive" frame="0" z_index="5" m_a="0.584352" m_b="-0.008338" m_c="0.013139" m_d="0.920844" m_tx="14.550000" m_ty="3.400000"/>
  </frame>
  <frame idx="25" w="353" h="1124" x="-11.452242" y="-365.248871">
   <element name="beehive_01" layername="beehive" frame="0" z_index="5" m_a="0.584404" m_b="0.003050" m_c="-0.004806" m_d="0.920853" m_tx="17.417648" m_ty="3.400000"/>
  </frame>
  <frame idx="50" w="356" h="1121" x="-13.296055" y="-364.746582">
   <element name="beehive_01" layername="beehive" frame="0" z_index="5" m_a="0.584411" m_b="0.001192" m_c="-0.001879" m_d="0.920854" m_tx="16.946970" m_ty="3.400000"/>
  </frame>
  <frame idx="75" w="362" h="1115" x="-16.783247" y="-364.239868">
   <element name="beehive_01" layername="beehive" frame="0" z_index="5" m_a="0.584405" m_b="-0.002952" m_c="0.004652" m_d="0.920850" m_tx="15.907576" m_ty="3.400000"/>
  </frame>
  <frame idx="100" w="352" h="1125" x="-10.831923" y="-365.236298">
   <element name="beehive_01" layername="beehive" frame="0" z_index="5" m_a="0.584399" m_b="0.003876" m_c="-0.006107" m_d="0.920807" m_tx="17.650000" m_ty="3.400000"/>
  </frame>
  <frame idx="125" w="357" h="1119" x="-14.327951" y="-364.751831">
   <element name="beehive_01" layername="beehive" frame="0" z_index="5" m_a="0.584412" m_b="-0.000074" m_c="0.000117" m_d="0.920877" m_tx="16.510294" m_ty="3.400000"/>
  </frame>
  <frame idx="150" w="358" h="1118" x="-14.624211" y="-364.752289">
   <element name="beehive_01" layername="beehive" frame="0" z_index="5" m_a="0.584412" m_b="-0.000657" m_c="0.001035" m_d="0.920881" m_tx="16.487879" m_ty="3.400000"/>
  </frame>
  <frame idx="175" w="357" h="1120" x="-13.793139" y="-364.749573">
   <element name="beehive_01" layername="beehive" frame="0" z_index="5" m_a="0.584412" m_b="0.000235" m_c="-0.000370" m_d="0.920868" m_tx="16.900000" m_ty="3.400000"/>
  </frame>
 </anim>
</Anims>
