<Anims>
 <anim name="cocoon_dead_90s" root="mutantbeehive" numframes="300" framerate="40">
  <frame idx="0" w="841" h="491" x="-54.426109" y="-133.407104">
   <element name="beehive_01" layername="beehive" frame="1" z_index="11" m_a="1.000000" m_b="0.000000" m_c="0.000000" m_d="1.000000" m_tx="16.650000" m_ty="3.400000"/>
  </frame>
  <frame idx="25" w="841" h="491" x="-54.426109" y="-133.407104">
   <element name="beehive_01" layername="beehive" frame="1" z_index="11" m_a="1.000000" m_b="0.000000" m_c="0.000000" m_d="1.000000" m_tx="16.650000" m_ty="3.400000"/>
  </frame>
  <frame idx="50" w="841" h="491" x="-54.426109" y="-133.407104">
   <element name="beehive_01" layername="beehive" frame="1" z_index="11" m_a="1.000000" m_b="0.000000" m_c="0.000000" m_d="1.000000" m_tx="16.650000" m_ty="3.400000"/>
  </frame>
  <frame idx="75" w="841" h="491" x="-54.426109" y="-133.407104">
   <element name="beehive_01" layername="beehive" frame="1" z_index="11" m_a="1.000000" m_b="0.000000" m_c="0.000000" m_d="1.000000" m_tx="16.650000" m_ty="3.400000"/>
  </frame>
  <frame idx="100" w="841" h="491" x="-54.426109" y="-133.407104">
   <element name="beehive_01" layername="beehive" frame="1" z_index="11" m_a="1.000000" m_b="0.000000" m_c="0.000000" m_d="1.000000" m_tx="16.650000" m_ty="3.400000"/>
  </frame>
  <frame idx="125" w="841" h="491" x="-54.426109" y="-133.407104">
   <element name="beehive_01" layername="beehive" frame="1" z_index="11" m_a="1.000000" m_b="0.000000" m_c="0.000000" m_d="1.000000" m_tx="16.650000" m_ty="3.400000"/>
  </frame>
  <frame idx="150" w="841" h="491" x="-54.426109" y="-133.407104">
   <element name="beehive_01" layername="beehive" frame="1" z_index="11" m_a="1.000000" m_b="0.000000" m_c="0.000000" m_d="1.000000" m_tx="16.650000" m_ty="3.400000"/>
  </frame>
  <frame idx="175" w="841" h="491" x="-54.426109" y="-133.407104">
   <element name="beehive_01" layername="beehive" frame="1" z_index="11" m_a="1.000000" m_b="0.000000" m_c="0.000000" m_d="1.000000" m_tx="16.650000" m_ty="3.400000"/>
  </frame>
  <frame idx="200" w="841" h="491" x="-54.426109" y="-133.407104">
   <element name="beehive_01" layername="beehive" frame="1" z_index="11" m_a="1.000000" m_b="0.000000" m_c="0.000000" m_d="1.000000" m_tx="16.650000" m_ty="3.400000"/>
  </frame>
  <frame idx="225" w="841" h="491" x="-54.426109" y="-133.407104">
   <element name="beehive_01" layername="beehive" frame="1" z_index="11" m_a="1.000000" m_b="0.000000" m_c="0.000000" m_d="1.000000" m_tx="16.650000" m_ty="3.400000"/>
  </frame>
  <frame idx="250" w="841" h="491" x="-54.426109" y="-133.407104">
   <element name="beehive_01" layername="beehive" frame="1" z_index="11" m_a="1.000000" m_b="0.000000" m_c="0.000000" m_d="1.000000" m_tx="16.650000" m_ty="3.400000"/>
  </frame>
  <frame idx="275" w="841" h="491" x="-54.426109" y="-133.407104">
   <element name="beehive_01" layername="beehive" frame="1" z_index="11" m_a="1.000000" m_b="0.000000" m_c="0.000000" m_d="1.000000" m_tx="16.650000" m_ty="3.400000"/>
  </frame>
 </anim>
 <anim name="cocoon_small_90s" root="mutantbeehive" numframes="500" framerate="40">
  <frame idx="0" w="841" h="1418" x="-55.744194" y="-584.294800">
   <element name="beehive_01" layername="beehive" frame="0" z_index="11" m_a="1.000000" m_b="0.000000" m_c="0.000000" m_d="1.000000" m_tx="16.650000" m_ty="3.400000"/>
   <element name="beehive_01" layername="beehive" frame="2" z_index="10" m_a="0.721364" m_b="0.692556" m_c="-0.692556" m_d="0.721364" m_tx="70.190475" m_ty="-530.952393"/>
  </frame>
  <frame idx="25" w="841" h="1415" x="-55.744194" y="-581.540405">
   <element name="beehive_01" layername="beehive" frame="0" z_index="11" m_a="1.000000" m_b="0.000000" m_c="0.000000" m_d="1.000000" m_tx="16.650000" m_ty="3.400000"/>
   <element name="beehive_01" layername="beehive" frame="2" z_index="10" m_a="0.799891" m_b="0.600145" m_c="-0.600145" m_d="0.799891" m_tx="71.190475" m_ty="-530.952393"/>
  </frame>
  <frame idx="50" w="841" h="1414" x="-55.744194" y="-580.277344">
   <element name="beehive_01" layername="beehive" frame="0" z_index="11" m_a="1.000000" m_b="0.000000" m_c="0.000000" m_d="1.000000" m_tx="16.650000" m_ty="3.400000"/>
   <element name="beehive_01" layername="beehive" frame="2" z_index="10" m_a="0.866655" m_b="0.498908" m_c="-0.498908" m_d="0.866655" m_tx="72.190475" m_ty="-530.952393"/>
  </frame>
  <frame idx="75" w="841" h="1413" x="-55.744194" y="-580.024292">
   <element name="beehive_01" layername="beehive" frame="0" z_index="11" m_a="1.000000" m_b="0.000000" m_c="0.000000" m_d="1.000000" m_tx="16.650000" m_ty="3.400000"/>
   <element name="beehive_01" layername="beehive" frame="2" z_index="10" m_a="0.920673" m_b="0.390334" m_c="-0.390334" m_d="0.920673" m_tx="73.190475" m_ty="-530.952393"/>
  </frame>
  <frame idx="100" w="841" h="1414" x="-55.744194" y="-580.784912">
   <element name="beehive_01" layername="beehive" frame="0" z_index="11" m_a="1.000000" m_b="0.000000" m_c="0.000000" m_d="1.000000" m_tx="16.650000" m_ty="3.400000"/>
   <element name="beehive_01" layername="beehive" frame="2" z_index="10" m_a="0.961152" m_b="0.276020" m_c="-0.276020" m_d="0.961152" m_tx="74.190475" m_ty="-530.952393"/>
  </frame>
  <frame idx="125" w="841" h="1415" x="-55.744194" y="-582.158203">
   <element name="beehive_01" layername="beehive" frame="0" z_index="11" m_a="1.000000" m_b="0.000000" m_c="0.000000" m_d="1.000000" m_tx="16.650000" m_ty="3.400000"/>
   <element name="beehive_01" layername="beehive" frame="2" z_index="10" m_a="0.983823" m_b="0.179141" m_c="-0.179141" m_d="0.983823" m_tx="74.690475" m_ty="-530.952393"/>
  </frame>
  <frame idx="150" w="841" h="1418" x="-55.744194" y="-584.692749">
   <element name="beehive_01" layername="beehive" frame="0" z_index="11" m_a="1.000000" m_b="0.000000" m_c="0.000000" m_d="1.000000" m_tx="16.650000" m_ty="3.400000"/>
   <element name="beehive_01" layername="beehive" frame="2" z_index="10" m_a="0.996755" m_b="0.080489" m_c="-0.080489" m_d="0.996755" m_tx="75.190475" m_ty="-530.952393"/>
  </frame>
  <frame idx="175" w="841" h="1421" x="-55.744194" y="-587.368408">
   <element name="beehive_01" layername="beehive" frame="0" z_index="11" m_a="1.000000" m_b="0.000000" m_c="0.000000" m_d="1.000000" m_tx="16.650000" m_ty="3.400000"/>
   <element name="beehive_01" layername="beehive" frame="2" z_index="10" m_a="0.999820" m_b="-0.018959" m_c="0.018959" m_d="0.999820" m_tx="75.690475" m_ty="-530.952393"/>
  </frame>
  <frame idx="200" w="841" h="1425" x="-55.744194" y="-591.158569">
   <element name="beehive_01" layername="beehive" frame="0" z_index="11" m_a="1.000000" m_b="0.000000" m_c="0.000000" m_d="1.000000" m_tx="16.650000" m_ty="3.400000"/>
   <element name="beehive_01" layername="beehive" frame="2" z_index="10" m_a="0.992987" m_b="-0.118220" m_c="0.118220" m_d="0.992987" m_tx="76.190475" m_ty="-530.952393"/>
  </frame>
  <frame idx="225" w="841" h="1425" x="-55.744194" y="-591.158447">
   <element name="beehive_01" layername="beehive" frame="0" z_index="11" m_a="1.000000" m_b="0.000000" m_c="0.000000" m_d="1.000000" m_tx="16.650000" m_ty="3.400000"/>
   <element name="beehive_01" layername="beehive" frame="2" z_index="10" m_a="0.992988" m_b="-0.118217" m_c="0.118217" m_d="0.992988" m_tx="76.190475" m_ty="-530.952393"/>
  </frame>
  <frame idx="250" w="841" h="1425" x="-55.744194" y="-591.158325">
   <element name="beehive_01" layername="beehive" frame="0" z_index="11" m_a="1.000000" m_b="0.000000" m_c="0.000000" m_d="1.000000" m_tx="16.650000" m_ty="3.400000"/>
   <element name="beehive_01" layername="beehive" frame="2" z_index="10" m_a="0.992988" m_b="-0.118213" m_c="0.118213" m_d="0.992988" m_tx="76.190475" m_ty="-530.952393"/>
  </frame>
  <frame idx="275" w="841" h="1421" x="-55.744194" y="-587.368042">
   <element name="beehive_01" layername="beehive" frame="0" z_index="11" m_a="1.000000" m_b="0.000000" m_c="0.000000" m_d="1.000000" m_tx="16.650000" m_ty="3.400000"/>
   <element name="beehive_01" layername="beehive" frame="2" z_index="10" m_a="0.999820" m_b="-0.018949" m_c="0.018949" m_d="0.999820" m_tx="75.690475" m_ty="-530.952393"/>
  </frame>
  <frame idx="300" w="841" h="1418" x="-55.744194" y="-584.692444">
   <element name="beehive_01" layername="beehive" frame="0" z_index="11" m_a="1.000000" m_b="0.000000" m_c="0.000000" m_d="1.000000" m_tx="16.650000" m_ty="3.400000"/>
   <element name="beehive_01" layername="beehive" frame="2" z_index="10" m_a="0.996754" m_b="0.080503" m_c="-0.080503" m_d="0.996754" m_tx="75.190475" m_ty="-530.952393"/>
  </frame>
  <frame idx="325" w="841" h="1415" x="-55.744194" y="-582.157959">
   <element name="beehive_01" layername="beehive" frame="0" z_index="11" m_a="1.000000" m_b="0.000000" m_c="0.000000" m_d="1.000000" m_tx="16.650000" m_ty="3.400000"/>
   <element name="beehive_01" layername="beehive" frame="2" z_index="10" m_a="0.983820" m_b="0.179158" m_c="-0.179158" m_d="0.983820" m_tx="74.690475" m_ty="-530.952393"/>
  </frame>
  <frame idx="350" w="841" h="1414" x="-55.744194" y="-580.784668">
   <element name="beehive_01" layername="beehive" frame="0" z_index="11" m_a="1.000000" m_b="0.000000" m_c="0.000000" m_d="1.000000" m_tx="16.650000" m_ty="3.400000"/>
   <element name="beehive_01" layername="beehive" frame="2" z_index="10" m_a="0.961146" m_b="0.276039" m_c="-0.276039" m_d="0.961146" m_tx="74.190475" m_ty="-530.952393"/>
  </frame>
  <frame idx="375" w="841" h="1413" x="-55.744194" y="-580.024292">
   <element name="beehive_01" layername="beehive" frame="0" z_index="11" m_a="1.000000" m_b="0.000000" m_c="0.000000" m_d="1.000000" m_tx="16.650000" m_ty="3.400000"/>
   <element name="beehive_01" layername="beehive" frame="2" z_index="10" m_a="0.920665" m_b="0.390354" m_c="-0.390354" m_d="0.920665" m_tx="73.523811" m_ty="-530.952393"/>
  </frame>
  <frame idx="400" w="841" h="1414" x="-55.744194" y="-580.277466">
   <element name="beehive_01" layername="beehive" frame="0" z_index="11" m_a="1.000000" m_b="0.000000" m_c="0.000000" m_d="1.000000" m_tx="16.650000" m_ty="3.400000"/>
   <element name="beehive_01" layername="beehive" frame="2" z_index="10" m_a="0.866644" m_b="0.498927" m_c="-0.498927" m_d="0.866644" m_tx="72.857147" m_ty="-530.952393"/>
  </frame>
  <frame idx="425" w="841" h="1415" x="-55.744194" y="-581.540710">
   <element name="beehive_01" layername="beehive" frame="0" z_index="11" m_a="1.000000" m_b="0.000000" m_c="0.000000" m_d="1.000000" m_tx="16.650000" m_ty="3.400000"/>
   <element name="beehive_01" layername="beehive" frame="2" z_index="10" m_a="0.799879" m_b="0.600162" m_c="-0.600162" m_d="0.799879" m_tx="72.190475" m_ty="-530.952393"/>
  </frame>
  <frame idx="450" w="841" h="1418" x="-55.744194" y="-584.295288">
   <element name="beehive_01" layername="beehive" frame="0" z_index="11" m_a="1.000000" m_b="0.000000" m_c="0.000000" m_d="1.000000" m_tx="16.650000" m_ty="3.400000"/>
   <element name="beehive_01" layername="beehive" frame="2" z_index="10" m_a="0.721349" m_b="0.692572" m_c="-0.692572" m_d="0.721349" m_tx="71.523811" m_ty="-530.952393"/>
  </frame>
  <frame idx="475" w="841" h="1418" x="-55.744194" y="-584.295288">
   <element name="beehive_01" layername="beehive" frame="0" z_index="11" m_a="1.000000" m_b="0.000000" m_c="0.000000" m_d="1.000000" m_tx="16.650000" m_ty="3.400000"/>
   <element name="beehive_01" layername="beehive" frame="2" z_index="10" m_a="0.721349" m_b="0.692572" m_c="-0.692572" m_d="0.721349" m_tx="70.857147" m_ty="-530.952393"/>
  </frame>
 </anim>
 <anim name="cocoon_small_hit_90s" root="mutantbeehive" numframes="550" framerate="40">
  <frame idx="0" w="841" h="1418" x="-55.744194" y="-584.295288">
   <element name="beehive_01" layername="beehive" frame="0" z_index="11" m_a="1.000000" m_b="0.000000" m_c="0.000000" m_d="1.000000" m_tx="16.650000" m_ty="3.400000"/>
   <element name="beehive_01" layername="beehive" frame="2" z_index="10" m_a="0.721349" m_b="0.692572" m_c="-0.692572" m_d="0.721349" m_tx="71.190483" m_ty="-530.952393"/>
  </frame>
  <frame idx="25" w="841" h="1414" x="-55.744194" y="-580.821167">
   <element name="beehive_01" layername="beehive" frame="0" z_index="11" m_a="1.000000" m_b="0.000000" m_c="0.000000" m_d="1.000000" m_tx="16.650000" m_ty="3.400000"/>
   <element name="beehive_01" layername="beehive" frame="2" z_index="10" m_a="0.832834" m_b="0.553522" m_c="-0.553522" m_d="0.832834" m_tx="74.131660" m_ty="-530.952393"/>
  </frame>
  <frame idx="50" w="841" h="1413" x="-55.744194" y="-580.017029">
   <element name="beehive_01" layername="beehive" frame="0" z_index="11" m_a="1.000000" m_b="0.000000" m_c="0.000000" m_d="1.000000" m_tx="16.650000" m_ty="3.400000"/>
   <element name="beehive_01" layername="beehive" frame="2" z_index="10" m_a="0.919227" m_b="0.393728" m_c="-0.393728" m_d="0.919227" m_tx="75.190483" m_ty="-530.952393"/>
  </frame>
  <frame idx="75" w="841" h="1415" x="-55.744194" y="-581.366882">
   <element name="beehive_01" layername="beehive" frame="0" z_index="11" m_a="1.000000" m_b="0.000000" m_c="0.000000" m_d="1.000000" m_tx="16.650000" m_ty="3.400000"/>
   <element name="beehive_01" layername="beehive" frame="2" z_index="10" m_a="0.973344" m_b="0.229351" m_c="-0.229351" m_d="0.973344" m_tx="75.190483" m_ty="-530.952393"/>
  </frame>
  <frame idx="100" w="841" h="1418" x="-55.744194" y="-584.692261">
   <element name="beehive_01" layername="beehive" frame="0" z_index="11" m_a="1.000000" m_b="0.000000" m_c="0.000000" m_d="1.000000" m_tx="16.650000" m_ty="3.400000"/>
   <element name="beehive_01" layername="beehive" frame="2" z_index="10" m_a="0.996754" m_b="0.080512" m_c="-0.080512" m_d="0.996754" m_tx="75.190483" m_ty="-530.952393"/>
  </frame>
  <frame idx="125" w="837" h="1428" x="-53.950424" y="-589.341675">
   <element name="beehive_01" layername="beehive" frame="0" z_index="11" m_a="0.999991" m_b="0.004338" m_c="-0.004338" m_d="0.999991" m_tx="16.650000" m_ty="3.400000"/>
   <element name="beehive_01" layername="beehive" frame="2" z_index="10" m_a="0.997837" m_b="-0.065743" m_c="0.065743" m_d="0.997837" m_tx="77.396362" m_ty="-530.952393"/>
  </frame>
  <frame idx="150" w="835" h="1431" x="-52.794693" y="-588.458740">
   <element name="beehive_01" layername="beehive" frame="0" z_index="11" m_a="0.999969" m_b="0.007888" m_c="-0.007888" m_d="0.999969" m_tx="16.746969" m_ty="3.400000"/>
   <element name="beehive_01" layername="beehive" frame="2" z_index="10" m_a="0.999759" m_b="-0.021960" m_c="0.021960" m_d="0.999759" m_tx="78.675331" m_ty="-530.952393"/>
  </frame>
  <frame idx="175" w="832" h="1430" x="-51.740616" y="-584.624390">
   <element name="beehive_01" layername="beehive" frame="0" z_index="11" m_a="0.999943" m_b="0.010673" m_c="-0.010673" m_d="0.999943" m_tx="16.470201" m_ty="2.995960"/>
   <element name="beehive_01" layername="beehive" frame="2" z_index="10" m_a="0.991709" m_b="0.128503" m_c="-0.128503" m_d="0.991709" m_tx="78.705635" m_ty="-530.952393"/>
  </frame>
  <frame idx="200" w="831" h="1427" x="-52.300446" y="-581.784668">
   <element name="beehive_01" layername="beehive" frame="0" z_index="11" m_a="0.999918" m_b="0.012775" m_c="-0.012775" m_d="0.999918" m_tx="15.283333" m_ty="1.733333"/>
   <element name="beehive_01" layername="beehive" frame="2" z_index="10" m_a="0.961146" m_b="0.276039" m_c="-0.276039" m_d="0.961146" m_tx="77.190483" m_ty="-530.952393"/>
  </frame>
  <frame idx="225" w="844" h="1407" x="-57.543121" y="-578.781738">
   <element name="beehive_01" layername="beehive" frame="0" z_index="11" m_a="0.999994" m_b="-0.003339" m_c="0.003339" m_d="0.999994" m_tx="15.847058" m_ty="2.958823"/>
   <element name="beehive_01" layername="beehive" frame="2" z_index="10" m_a="0.896892" m_b="0.442250" m_c="-0.442250" m_d="0.896892" m_tx="69.102249" m_ty="-530.217102"/>
  </frame>
  <frame idx="250" w="849" h="1401" x="-59.861641" y="-579.002747">
   <element name="beehive_01" layername="beehive" frame="0" z_index="11" m_a="0.999950" m_b="-0.010036" m_c="0.010036" m_d="0.999950" m_tx="16.025757" m_ty="3.400000"/>
   <element name="beehive_01" layername="beehive" frame="2" z_index="10" m_a="0.802085" m_b="0.597210" m_c="-0.597210" m_d="0.802085" m_tx="65.220787" m_ty="-529.467529"/>
  </frame>
  <frame idx="275" w="851" h="1400" x="-60.364952" y="-579.822510">
   <element name="beehive_01" layername="beehive" frame="0" z_index="11" m_a="0.999933" m_b="-0.011556" m_c="0.011556" m_d="0.999933" m_tx="15.975758" m_ty="3.400000"/>
   <element name="beehive_01" layername="beehive" frame="2" z_index="10" m_a="0.760827" m_b="0.648955" m_c="-0.648955" m_d="0.760827" m_tx="64.190483" m_ty="-529.194824"/>
  </frame>
  <frame idx="300" w="853" h="1395" x="-61.470135" y="-577.777405">
   <element name="beehive_01" layername="beehive" frame="0" z_index="11" m_a="0.999911" m_b="-0.013331" m_c="0.013331" m_d="0.999911" m_tx="15.900000" m_ty="3.400000"/>
   <element name="beehive_01" layername="beehive" frame="2" z_index="10" m_a="0.866653" m_b="0.498911" m_c="-0.498911" m_d="0.866653" m_tx="64.190483" m_ty="-529.952393"/>
  </frame>
  <frame idx="325" w="844" h="1409" x="-57.027481" y="-579.491455">
   <element name="beehive_01" layername="beehive" frame="0" z_index="11" m_a="0.999995" m_b="-0.003144" m_c="0.003144" m_d="0.999995" m_tx="16.304413" m_ty="3.400000"/>
   <element name="beehive_01" layername="beehive" frame="2" z_index="10" m_a="0.941444" m_b="0.337168" m_c="-0.337168" m_d="0.941444" m_tx="71.543427" m_ty="-530.687683"/>
  </frame>
  <frame idx="350" w="839" h="1419" x="-54.595512" y="-582.606445">
   <element name="beehive_01" layername="beehive" frame="0" z_index="11" m_a="0.999997" m_b="0.002520" m_c="-0.002520" m_d="0.999997" m_tx="16.546970" m_ty="3.400000"/>
   <element name="beehive_01" layername="beehive" frame="2" z_index="10" m_a="0.983275" m_b="0.182129" m_c="-0.182129" m_d="0.983275" m_tx="75.645027" m_ty="-530.952393"/>
  </frame>
  <frame idx="375" w="838" h="1424" x="-54.195248" y="-586.411011">
   <element name="beehive_01" layername="beehive" frame="0" z_index="11" m_a="0.999994" m_b="0.003517" m_c="-0.003517" m_d="0.999994" m_tx="16.650000" m_ty="3.400000"/>
   <element name="beehive_01" layername="beehive" frame="2" z_index="10" m_a="0.999477" m_b="0.032329" m_c="-0.032329" m_d="0.999477" m_tx="76.948059" m_ty="-530.952393"/>
  </frame>
  <frame idx="400" w="841" h="1425" x="-55.744194" y="-591.158325">
   <element name="beehive_01" layername="beehive" frame="0" z_index="11" m_a="1.000000" m_b="0.000000" m_c="0.000000" m_d="1.000000" m_tx="16.650000" m_ty="3.400000"/>
   <element name="beehive_01" layername="beehive" frame="2" z_index="10" m_a="0.992988" m_b="-0.118213" m_c="0.118213" m_d="0.992988" m_tx="76.190483" m_ty="-530.952393"/>
  </frame>
  <frame idx="425" w="841" h="1420" x="-55.744194" y="-586.030457">
   <element name="beehive_01" layername="beehive" frame="0" z_index="11" m_a="1.000000" m_b="0.000000" m_c="0.000000" m_d="1.000000" m_tx="16.650000" m_ty="3.400000"/>
   <element name="beehive_01" layername="beehive" frame="2" z_index="10" m_a="0.999611" m_b="0.027896" m_c="-0.027896" m_d="0.999611" m_tx="75.455193" m_ty="-530.952393"/>
  </frame>
  <frame idx="450" w="841" h="1415" x="-55.744194" y="-582.209839">
   <element name="beehive_01" layername="beehive" frame="0" z_index="11" m_a="1.000000" m_b="0.000000" m_c="0.000000" m_d="1.000000" m_tx="16.650000" m_ty="3.400000"/>
   <element name="beehive_01" layername="beehive" frame="2" z_index="10" m_a="0.984355" m_b="0.176194" m_c="-0.176194" m_d="0.984355" m_tx="74.220787" m_ty="-530.952393"/>
  </frame>
  <frame idx="475" w="841" h="1413" x="-55.744194" y="-580.047363">
   <element name="beehive_01" layername="beehive" frame="0" z_index="11" m_a="1.000000" m_b="0.000000" m_c="0.000000" m_d="1.000000" m_tx="16.650000" m_ty="3.400000"/>
   <element name="beehive_01" layername="beehive" frame="2" z_index="10" m_a="0.943254" m_b="0.332073" m_c="-0.332073" m_d="0.943254" m_tx="72.948059" m_ty="-530.709961"/>
  </frame>
  <frame idx="500" w="841" h="1413" x="-55.744194" y="-579.277405">
   <element name="beehive_01" layername="beehive" frame="0" z_index="11" m_a="1.000000" m_b="0.000000" m_c="0.000000" m_d="1.000000" m_tx="16.650000" m_ty="3.400000"/>
   <element name="beehive_01" layername="beehive" frame="2" z_index="10" m_a="0.866653" m_b="0.498911" m_c="-0.498911" m_d="0.866653" m_tx="72.190483" m_ty="-529.952393"/>
  </frame>
  <frame idx="525" w="841" h="1415" x="-55.744194" y="-581.479797">
   <element name="beehive_01" layername="beehive" frame="0" z_index="11" m_a="1.000000" m_b="0.000000" m_c="0.000000" m_d="1.000000" m_tx="16.650000" m_ty="3.400000"/>
   <element name="beehive_01" layername="beehive" frame="2" z_index="10" m_a="0.764325" m_b="0.644831" m_c="-0.644831" m_d="0.764325" m_tx="70.719894" m_ty="-529.952393"/>
  </frame>
 </anim>
 <anim name="frozen_90s" root="mutantbeehive" numframes="125" framerate="40">
  <frame idx="0" w="843" h="1415" x="-55.508709" y="-580.076538">
   <element name="beehive_01" layername="beehive" frame="0" z_index="11" m_a="1.000000" m_b="0.000000" m_c="0.000000" m_d="1.000000" m_tx="18.120588" m_ty="1.929412"/>
   <element name="beehive_01" layername="beehive" frame="2" z_index="10" m_a="0.927921" m_b="0.372777" m_c="-0.372777" m_d="0.927921" m_tx="73.190483" m_ty="-530.952393"/>
   <element name="frozen_fx" layername="frozen_fx" frame="0" z_index="9" m_a="1.000000" m_b="0.000000" m_c="0.000000" m_d="1.000000" m_tx="23.965992" m_ty="22.896040"/>
  </frame>
  <frame idx="25" w="842" h="1413" x="-55.354923" y="-578.605957">
   <element name="beehive_01" layername="beehive" frame="0" z_index="11" m_a="1.000000" m_b="0.000000" m_c="0.000000" m_d="1.000000" m_tx="17.039272" m_ty="3.010727"/>
   <element name="beehive_01" layername="beehive" frame="2" z_index="10" m_a="0.927921" m_b="0.372777" m_c="-0.372777" m_d="0.927921" m_tx="73.190483" m_ty="-529.481812"/>
   <element name="frozen_fx" layername="frozen_fx" frame="0" z_index="9" m_a="1.000000" m_b="0.000000" m_c="0.000000" m_d="1.000000" m_tx="24.701286" m_ty="22.896040"/>
  </frame>
  <frame idx="50" w="842" h="1413" x="-55.744194" y="-579.046265">
   <element name="beehive_01" layername="beehive" frame="0" z_index="11" m_a="1.000000" m_b="0.000000" m_c="0.000000" m_d="1.000000" m_tx="16.650000" m_ty="3.400000"/>
   <element name="beehive_01" layername="beehive" frame="2" z_index="10" m_a="0.927921" m_b="0.372777" m_c="-0.372777" m_d="0.927921" m_tx="73.190483" m_ty="-529.922119"/>
   <element name="frozen_fx" layername="frozen_fx" frame="0" z_index="9" m_a="1.000000" m_b="0.000000" m_c="0.000000" m_d="1.000000" m_tx="24.481144" m_ty="22.411192"/>
  </frame>
  <frame idx="75" w="842" h="1414" x="-55.744194" y="-579.591675">
   <element name="beehive_01" layername="beehive" frame="0" z_index="11" m_a="1.000000" m_b="0.000000" m_c="0.000000" m_d="1.000000" m_tx="16.650000" m_ty="3.400000"/>
   <element name="beehive_01" layername="beehive" frame="2" z_index="10" m_a="0.927921" m_b="0.372777" m_c="-0.372777" m_d="0.927921" m_tx="73.190483" m_ty="-530.467529"/>
   <element name="frozen_fx" layername="frozen_fx" frame="0" z_index="9" m_a="1.000000" m_b="0.000000" m_c="0.000000" m_d="1.000000" m_tx="24.450840" m_ty="22.138464"/>
  </frame>
  <frame idx="100" w="844" h="1414" x="-55.744194" y="-578.076538">
   <element name="beehive_01" layername="beehive" frame="0" z_index="11" m_a="1.000000" m_b="0.000000" m_c="0.000000" m_d="1.000000" m_tx="16.650000" m_ty="3.400000"/>
   <element name="beehive_01" layername="beehive" frame="2" z_index="10" m_a="0.927921" m_b="0.372777" m_c="-0.372777" m_d="0.927921" m_tx="73.190483" m_ty="-528.952393"/>
   <element name="frozen_fx" layername="frozen_fx" frame="0" z_index="9" m_a="1.000000" m_b="0.000000" m_c="0.000000" m_d="1.000000" m_tx="25.965992" m_ty="22.896040"/>
  </frame>
 </anim>
 <anim name="frozen_loop_pst_90s" root="mutantbeehive" numframes="200" framerate="40">
  <frame idx="0" w="853" h="1410" x="-63.099186" y="-577.576538">
   <element name="beehive_01" layername="beehive" frame="0" z_index="11" m_a="0.999898" m_b="-0.014267" m_c="0.014267" m_d="0.999898" m_tx="14.550000" m_ty="3.400000"/>
   <element name="beehive_01" layername="beehive" frame="2" z_index="10" m_a="0.927921" m_b="0.372777" m_c="-0.372777" m_d="0.927921" m_tx="64.190483" m_ty="-528.952393"/>
   <element name="frozen_fx" layername="frozen_fx" frame="0" z_index="9" m_a="1.000000" m_b="0.000000" m_c="0.000000" m_d="1.000000" m_tx="22.965992" m_ty="24.896040"/>
  </frame>
  <frame idx="25" w="845" h="1415" x="-53.419876" y="-575.870667">
   <element name="beehive_01" layername="beehive" frame="0" z_index="11" m_a="0.999986" m_b="0.005219" m_c="-0.005219" m_d="0.999986" m_tx="17.417648" m_ty="3.400000"/>
   <element name="beehive_01" layername="beehive" frame="2" z_index="10" m_a="0.927921" m_b="0.372777" m_c="-0.372777" m_d="0.927921" m_tx="76.690483" m_ty="-526.746521"/>
   <element name="frozen_fx" layername="frozen_fx" frame="0" z_index="9" m_a="1.000000" m_b="0.000000" m_c="0.000000" m_d="1.000000" m_tx="29.583639" m_ty="22.690157"/>
  </frame>
  <frame idx="50" w="847" h="1410" x="-55.338730" y="-575.061401">
   <element name="beehive_01" layername="beehive" frame="0" z_index="11" m_a="0.999998" m_b="0.002040" m_c="-0.002040" m_d="0.999998" m_tx="16.946970" m_ty="3.400000"/>
   <element name="beehive_01" layername="beehive" frame="2" z_index="10" m_a="0.927921" m_b="0.372777" m_c="-0.372777" m_d="0.927921" m_tx="75.857147" m_ty="-526.437256"/>
   <element name="frozen_fx" layername="frozen_fx" frame="0" z_index="9" m_a="0.999995" m_b="-0.003317" m_c="0.003317" m_d="0.999995" m_tx="28.087204" m_ty="22.865738"/>
  </frame>
  <frame idx="75" w="849" h="1404" x="-58.493305" y="-575.076538">
   <element name="beehive_01" layername="beehive" frame="0" z_index="11" m_a="0.999987" m_b="-0.005052" m_c="0.005052" m_d="0.999987" m_tx="15.907576" m_ty="3.400000"/>
   <element name="beehive_01" layername="beehive" frame="2" z_index="10" m_a="0.927921" m_b="0.372777" m_c="-0.372777" m_d="0.927921" m_tx="72.614723" m_ty="-526.952393"/>
   <element name="frozen_fx" layername="frozen_fx" frame="0" z_index="9" m_a="0.999987" m_b="-0.005183" m_c="0.005183" m_d="0.999987" m_tx="25.662962" m_ty="24.138464"/>
  </frame>
  <frame idx="100" w="847" h="1418" x="-53.266129" y="-576.576538">
   <element name="beehive_01" layername="beehive" frame="0" z_index="11" m_a="0.999978" m_b="0.006632" m_c="-0.006632" m_d="0.999978" m_tx="17.650000" m_ty="3.400000"/>
   <element name="beehive_01" layername="beehive" frame="2" z_index="10" m_a="0.927921" m_b="0.372777" m_c="-0.372777" m_d="0.927921" m_tx="80.190483" m_ty="-526.952393"/>
   <element name="frozen_fx" layername="frozen_fx" frame="0" z_index="9" m_a="1.000000" m_b="0.000000" m_c="0.000000" m_d="1.000000" m_tx="30.965992" m_ty="24.896040"/>
  </frame>
  <frame idx="125" w="855" h="1409" x="-56.921783" y="-576.311829">
   <element name="beehive_01" layername="beehive" frame="0" z_index="11" m_a="1.000000" m_b="-0.000127" m_c="0.000127" m_d="1.000000" m_tx="16.510294" m_ty="3.400000"/>
   <element name="beehive_01" layername="beehive" frame="2" z_index="10" m_a="0.927921" m_b="0.372777" m_c="-0.372777" m_d="0.927921" m_tx="75.043427" m_ty="-527.687683"/>
   <element name="frozen_fx" layername="frozen_fx" frame="0" z_index="9" m_a="0.999970" m_b="-0.007710" m_c="0.007710" m_d="0.999970" m_tx="31.701286" m_ty="24.896040"/>
  </frame>
  <frame idx="150" w="854" h="1412" x="-57.241570" y="-576.591675">
   <element name="beehive_01" layername="beehive" frame="0" z_index="11" m_a="0.999999" m_b="-0.001124" m_c="0.001124" m_d="0.999999" m_tx="16.487879" m_ty="3.400000"/>
   <element name="beehive_01" layername="beehive" frame="2" z_index="10" m_a="0.927921" m_b="0.372777" m_c="-0.372777" m_d="0.927921" m_tx="74.160179" m_ty="-527.467529"/>
   <element name="frozen_fx" layername="frozen_fx" frame="0" z_index="9" m_a="0.999985" m_b="-0.005402" m_c="0.005402" m_d="0.999985" m_tx="31.481144" m_ty="25.380888"/>
  </frame>
  <frame idx="175" w="849" h="1415" x="-55.874500" y="-575.591675">
   <element name="beehive_01" layername="beehive" frame="0" z_index="11" m_a="1.000000" m_b="0.000401" m_c="-0.000401" m_d="1.000000" m_tx="16.900000" m_ty="3.400000"/>
   <element name="beehive_01" layername="beehive" frame="2" z_index="10" m_a="0.927921" m_b="0.372777" m_c="-0.372777" m_d="0.927921" m_tx="75.432907" m_ty="-526.467529"/>
   <element name="frozen_fx" layername="frozen_fx" frame="0" z_index="9" m_a="1.000000" m_b="0.000000" m_c="0.000000" m_d="1.000000" m_tx="30.238720" m_ty="25.653616"/>
  </frame>
 </anim>
</Anims>
